This is pdfTeX, Version 3.141592653-2.6-1.40.25 (MiKTeX 24.1) (preloaded format=pdflatex 2025.11.4)  22 JUL 2026 11:49
entering extended mode
 restricted \write18 enabled.
 %&-line parsing enabled.
**./document.tex
(document.tex
LaTeX2e <2024-11-01> patch level 2
L3 programming layer <2025-01-18>
(format/preamble.ltx
(C:\Users\Samu\AppData\Local\Programs\MiKTeX\tex/latex/memoir\memoir.cls
Document Class: memoir 2025/03/10 v3.8.3b configurable book, report, article do
cument class
(C:\Users\Samu\AppData\Local\Programs\MiKTeX\tex/latex/xpatch\xpatch.sty
(C:\Users\Samu\AppData\Local\Programs\MiKTeX\tex/latex/l3kernel\expl3.sty
Package: expl3 2025-01-18 L3 programming layer (loader) 

(C:\Users\Samu\AppData\Local\Programs\MiKTeX\tex/latex/l3backend\l3backend-pdft
ex.def
File: l3backend-pdftex.def 2024-05-08 L3 backend support: PDF output (pdfTeX)
\l__color_backend_stack_int=\count196
\l__pdf_internal_box=\box52
))
Package: xpatch 2020/03/25 v0.3a Extending etoolbox patching commands

(C:\Users\Samu\AppData\Local\Programs\MiKTeX\tex/latex/l3packages/xparse\xparse
.sty
Package: xparse 2024-08-16 L3 Experimental document command parser
)
(C:\Users\Samu\AppData\Local\Programs\MiKTeX\tex/latex/etoolbox\etoolbox.sty
Package: etoolbox 2025/02/11 v2.5l e-TeX tools for LaTeX (JAW)
\etb@tempcnta=\count197
))
\onelineskip=\skip49
\lxvchars=\skip50
\xlvchars=\skip51
\@memcnta=\count198
\c@@memmarkcntra=\count199

(C:\Users\Samu\AppData\Local\Programs\MiKTeX\tex/generic/iftex\iftex.sty
Package: iftex 2024/12/12 v1.0g TeX engine tests
)
\trimtop=\skip52
\trimedge=\skip53

(C:\Users\Samu\AppData\Local\Programs\MiKTeX\tex/latex/memoir\mem12.clo
File: mem12.clo 2022/07/29 v0.5 memoir class 12pt size option
)
\binding=\skip54
\spinemargin=\skip55
\foremargin=\skip56
\uppermargin=\skip57
\lowermargin=\skip58
\headdrop=\skip59
\normalrulethickness=\skip60
\mem@maxheadheight=\skip61
\mem@maxfootheight=\skip62
\headwidth=\skip63
\c@storedpagenumber=\count266
\memPD=\dimen141
\m@mabparskip=\skip64
\thanksmarkwidth=\skip65
\thanksmarksep=\skip66
\droptitle=\skip67
\c@book=\count267
\c@part=\count268
\c@chapter=\count269
\c@section=\count270
\c@subsection=\count271
\c@subsubsection=\count272
\c@paragraph=\count273
\c@subparagraph=\count274
\beforechapskip=\skip68
\midchapskip=\skip69
\afterchapskip=\skip70
\chapindent=\skip71
\bottomsectionskip=\skip72
\secindent=\skip73
\beforesecskip=\skip74
\aftersecskip=\skip75
\subsecindent=\skip76
\beforesubsecskip=\skip77
\aftersubsecskip=\skip78
\subsubsecindent=\skip79
\beforesubsubsecskip=\skip80
\aftersubsubsecskip=\skip81
\paraindent=\skip82
\beforeparaskip=\skip83
\afterparaskip=\skip84
\subparaindent=\skip85
\beforesubparaskip=\skip86
\aftersubparaskip=\skip87
\pfbreakskip=\skip88
\c@@ppsavesec=\count275
\c@@ppsaveapp=\count276
\ragrparindent=\dimen142
\everylistparindent=\dimen143
\parsepi=\skip89
\topsepi=\skip90
\itemsepi=\skip91
\parsepii=\skip92
\topsepii=\skip93
\topsepiii=\skip94
\itemsepii=\skip95
\itemsepiii=\skip96
\partopsepii=\skip97
\partopsepiii=\skip98
\m@msavetopsep=\skip99
\m@msavepartopsep=\skip100
\@enLab=\toks17
\abstitleskip=\skip101
\absleftindent=\skip102
\abs@leftindent=\dimen144
\absrightindent=\skip103
\absparindent=\skip104
\absparsep=\skip105
\c@vslineno=\count277
\c@poemline=\count278
\c@modulo@vs=\count279
\c@memfvsline=\count280
\vleftskip=\skip106
\vrightskip=\skip107
\stanzaskip=\skip108
\versewidth=\skip109
\vgap=\skip110
\vindent=\skip111
\vleftmargin=\dimen145
\c@verse=\count281
\c@chrsinstr=\count282
\beforepoemtitleskip=\skip112
\afterpoemtitleskip=\skip113
\c@poem=\count283
\beforePoemTitleskip=\skip114
\midPoemTitleskip=\skip115
\afterPoemTitleskip=\skip116

(C:\Users\Samu\AppData\Local\Programs\MiKTeX\tex/latex/tools\array.sty
Package: array 2024/10/17 v2.6g Tabular extension package (FMi)
\col@sep=\dimen146
\ar@mcellbox=\box53
\extrarowheight=\dimen147
\NC@list=\toks18
\extratabsurround=\skip117
\backup@length=\skip118
\ar@cellbox=\box54
)
(C:\Users\Samu\AppData\Local\Programs\MiKTeX\tex/latex/tools\dcolumn.sty
Package: dcolumn 2023/07/08 v1.06 decimal alignment package (DPC)
)
(C:\Users\Samu\AppData\Local\Programs\MiKTeX\tex/latex/tools\delarray.sty
Package: delarray 2014/10/28 v1.01 array delimiter package (DPC)
)
(C:\Users\Samu\AppData\Local\Programs\MiKTeX\tex/latex/tools\tabularx.sty
Package: tabularx 2023/12/11 v2.12a `tabularx' package (DPC)
\TX@col@width=\dimen148
\TX@old@table=\dimen149
\TX@old@col=\dimen150
\TX@target=\dimen151
\TX@delta=\dimen152
\TX@cols=\count284
\TX@ftn=\toks19
)
(C:\Users\Samu\AppData\Local\Programs\MiKTeX\tex/latex/booktabs\booktabs.sty
Package: booktabs 2020/01/12 v1.61803398 Publication quality tables
\heavyrulewidth=\dimen153
\lightrulewidth=\dimen154
\cmidrulewidth=\dimen155
\belowrulesep=\dimen156
\belowbottomsep=\dimen157
\aboverulesep=\dimen158
\abovetopsep=\dimen159
\cmidrulesep=\dimen160
\cmidrulekern=\dimen161
\defaultaddspace=\dimen162
\@cmidla=\count285
\@cmidlb=\count286
\@aboverulesep=\dimen163
\@belowrulesep=\dimen164
\@thisruleclass=\count287
\@lastruleclass=\count288
\@thisrulewidth=\dimen165
)
\ctableftskip=\skip119
\ctabrightskip=\skip120
\abovecolumnspenalty=\count289
\@linestogo=\count290
\@cellstogo=\count291
\@cellsincolumn=\count292
\crtok=\toks20
\@mincolumnwidth=\dimen166
\c@newflo@tctr=\count293
\mem@margin@floatbox=\box55
\@contcwidth=\skip121
\@contindw=\skip122
\abovecaptionskip=\skip123
\belowcaptionskip=\skip124
\subfloattopskip=\skip125
\subfloatcapskip=\skip126
\subfloatcaptopadj=\skip127
\subfloatbottomskip=\skip128
\subfloatlabelskip=\skip129
\subfloatcapmargin=\dimen167
\c@@contsubnum=\count294
\m@mscap@capbox=\box56
\m@mscap@fbox=\box57
\sidecapsep=\dimen168
\sidecapwidth=\dimen169
\m@m@tempdima=\dimen170
\m@mscapraise=\dimen171
\sidecapraise=\dimen172
\m@mscapmainwidth=\dimen173
\m@mscaplkern=\dimen174
\beforeepigraphskip=\skip130
\afterepigraphskip=\skip131
\epigraphwidth=\skip132
\epigraphrule=\skip133
LaTeX Info: Redefining \em on input line 7017.
LaTeX Info: Redefining \emph on input line 7025.

(C:\Users\Samu\AppData\Local\Programs\MiKTeX\tex/latex/hyperref\nameref.sty
Package: nameref 2023-11-26 v2.56 Cross-referencing by name of section

(C:\Users\Samu\AppData\Local\Programs\MiKTeX\tex/latex/refcount\refcount.sty
Package: refcount 2019/12/15 v3.6 Data extraction from label references (HO)

(C:\Users\Samu\AppData\Local\Programs\MiKTeX\tex/generic/ltxcmds\ltxcmds.sty
Package: ltxcmds 2023-12-04 v1.26 LaTeX kernel commands for general use (HO)
)
(C:\Users\Samu\AppData\Local\Programs\MiKTeX\tex/generic/infwarerr\infwarerr.st
y
Package: infwarerr 2019/12/03 v1.5 Providing info/warning/error messages (HO)
))
(C:\Users\Samu\AppData\Local\Programs\MiKTeX\tex/generic/gettitlestring\gettitl
estring.sty
Package: gettitlestring 2019/12/15 v1.6 Cleanup title references (HO)

(C:\Users\Samu\AppData\Local\Programs\MiKTeX\tex/latex/kvoptions\kvoptions.sty
Package: kvoptions 2022-06-15 v3.15 Key value format for package options (HO)

(C:\Users\Samu\AppData\Local\Programs\MiKTeX\tex/latex/graphics\keyval.sty
Package: keyval 2022/05/29 v1.15 key=value parser (DPC)
\KV@toks@=\toks21
)
(C:\Users\Samu\AppData\Local\Programs\MiKTeX\tex/latex/kvsetkeys\kvsetkeys.sty
Package: kvsetkeys 2022-10-05 v1.19 Key value parser (HO)
)))
\c@section@level=\count295
)
\tocentryskip=\skip134
\tocbaseline=\skip135
\cftparskip=\skip136
\cftbeforebookskip=\skip137
\cftbookindent=\dimen175
\cftbooknumwidth=\dimen176
\cftbeforepartskip=\skip138
\cftpartindent=\skip139
\cftpartnumwidth=\skip140
\cftbeforechapterskip=\skip141
\cftchapterindent=\skip142
\cftchapternumwidth=\skip143
\cftbeforesectionskip=\skip144
\cftsectionindent=\skip145
\cftsectionnumwidth=\skip146
\cftbeforesubsectionskip=\skip147
\cftsubsectionindent=\skip148
\cftsubsectionnumwidth=\skip149
\cftbeforesubsubsectionskip=\skip150
\cftsubsubsectionindent=\skip151
\cftsubsubsectionnumwidth=\skip152
\cftbeforeparagraphskip=\skip153
\cftparagraphindent=\skip154
\cftparagraphnumwidth=\skip155
\cftbeforesubparagraphskip=\skip156
\cftsubparagraphindent=\skip157
\cftsubparagraphnumwidth=\skip158
\prechapterprecisshift=\dimen177
\c@maxsecnumdepth=\count296
\bibindent=\dimen178
\bibitemsep=\skip159
\indexcolsep=\skip160
\indexrule=\skip161
\indexmarkstyle=\toks22
\@indexbox=\insert252
LaTeX Info: Redefining \raggedbottom on input line 8108.
LaTeX Info: Redefining \flushbottom on input line 8112.
\glossarycolsep=\dimen179
\glossaryrule=\dimen180
\sideparvshift=\skip162
\sideins=\insert251
\sidebartopsep=\skip163
\sidebarhsep=\skip164
\sidebarvsep=\skip165
\sidebarwidth=\skip166
\footmarkwidth=\skip167
\footmarksep=\skip168
\footparindent=\skip169
\footinsdim=\skip170
\footinsv@r=\insert250
\@mpfootinsv@r=\insert249
\m@m@k=\count297
\m@m@h=\dimen181
\m@mipn@skip=\skip171
\sidefootins=\insert248
\sidefootadjust=\skip172
\sidefootheight=\skip173
\sidefoothsep=\skip174
\sidefootvsep=\skip175
\sidefootwidth=\skip176
\m@mdownsf=\skip177
\c@sidefootnote=\count298
\sidefootmarkwidth=\skip178
\sidefootmarksep=\skip179
\sidefootparindent=\skip180
\c@pagenote=\count299
\c@pagenoteshadow=\count300
\mem@pn@lastkern=\skip181
 (C:\Users\Samu\AppData\Local\Programs\MiKTeX\tex/latex/tools\verbatim.sty
Package: verbatim 2024-01-22 v1.5x LaTeX2e package for verbatim enhancements
\every@verbatim=\toks23
\verbatim@line=\toks24
\verbatim@in@stream=\read2
)
\verbatimindent=\skip182
\verbatim@out=\write3

(C:\Users\Samu\AppData\Local\Programs\MiKTeX\tex/latex/base\shortvrb.sty
Package: shortvrb 2024/10/23 v3.0q Standard LaTeX documentation package V3 (FMi
)
)
\bvboxsep=\skip183
\c@memfbvline=\count301
\c@bvlinectr=\count302
\bvnumlength=\skip184
\fb@frw=\dimen182
\fb@frh=\dimen183
\FrameRule=\dimen184
\FrameSep=\dimen185
\c@cp@cntr=\count303
\c@ism@mctr=\count304
\c@xsm@mctr=\count305
\c@csm@mctr=\count306
\c@ksm@mctr=\count307
\c@xksm@mctr=\count308
\c@cksm@mctr=\count309
\c@msm@mctr=\count310
\c@xmsm@mctr=\count311
\c@cmsm@mctr=\count312
\c@bsm@mctr=\count313
\c@workm@mctr=\count314
\c@sheetsequence=\count315
\c@lastsheet=\count316
\c@lastpage=\count317

(C:\Users\Samu\AppData\Local\Programs\MiKTeX\tex/latex/textcase\textcase.sty
Package: textcase 2025/02/16 v1.05 Text only upper/lower case changing (DPC)
Package textcase Info: Defining Legacy names on input line 20.
)
\c@figure=\count318
\c@lofdepth=\count319
\cftbeforefigureskip=\skip185
\cftfigureindent=\skip186
\cftfigurenumwidth=\skip187
\c@table=\count320
\c@lotdepth=\count321
\cftbeforetableskip=\skip188
\cfttableindent=\skip189
\cfttablenumwidth=\skip190
Package abstract [2008/07/23] emulated by memoir.
Package appendix [2008/07/23] emulated by memoir.
Package ccaption [2008/07/23] emulated by memoir.
Package changepage [2008/07/23] emulated by memoir.
Package chngcntr [2008/07/23] emulated by memoir.
Package chngpage [2008/07/23] emulated by memoir.
Package crop emulated by memoir.
Package enumerate [2008/07/23] emulated by memoir.
Package epigraph [2008/07/23] emulated by memoir.
Package ifmtarg [2008/07/23] emulated by memoir.
Package index [2008/07/23] emulated by memoir.
Package makeidx [2008/07/23] emulated by memoir.
Package moreverb [2008/07/23] emulated by memoir.
Package needspace [2008/07/23] emulated by memoir.
Package newfile [2008/07/23] emulated by memoir.
Package nextpage [2008/07/23] emulated by memoir.
Package pagenote [2008/07/23] emulated by memoir.
Package parskip [2008/07/23] emulated by memoir.
Package patchcmd [2008/07/23] emulated by memoir.
Package setspace [2008/07/23] emulated by memoir.
Package showidx [2008/07/23] emulated by memoir.
Package titleref [2008/07/23] emulated by memoir.
Package titling [2008/07/23] emulated by memoir.
Package tocbibind [2008/07/23] emulated by memoir.
Package tocloft [2008/07/23] emulated by memoir.
Package tocvsec2 [2008/07/23] emulated by memoir.
Package verse [2008/07/23] emulated by memoir.
)
(C:\Users\Samu\AppData\Local\Programs\MiKTeX\tex/latex/ulem\ulem.sty
\UL@box=\box58
\UL@hyphenbox=\box59
\UL@skip=\skip191
\UL@hook=\toks25
\UL@height=\dimen186
\UL@pe=\count322
\UL@pixel=\dimen187
\ULC@box=\box60
Package: ulem 2019/11/18
\ULdepth=\dimen188
)
(C:\Users\Samu\AppData\Local\Programs\MiKTeX\tex/latex/tools\longtable.sty
Package: longtable 2024-10-27 v4.22 Multi-page Table package (DPC)
\LTleft=\skip192
\LTright=\skip193
\LTpre=\skip194
\LTpost=\skip195
\LTchunksize=\count323
\LTcapwidth=\dimen189
\LT@head=\box61
\LT@firsthead=\box62
\LT@foot=\box63
\LT@lastfoot=\box64
\LT@gbox=\box65
\LT@cols=\count324
\LT@rows=\count325
\c@LT@tables=\count326
\c@LT@chunks=\count327
\LT@p@ftn=\toks26
)
(C:\Users\Samu\AppData\Local\Programs\MiKTeX\tex/latex/caption\caption.sty
Package: caption 2023/08/05 v3.6o Customizing captions (AR)

(C:\Users\Samu\AppData\Local\Programs\MiKTeX\tex/latex/caption\caption3.sty
Package: caption3 2023/07/31 v2.4d caption3 kernel (AR)
\caption@tempdima=\dimen190
\captionmargin=\dimen191
\caption@leftmargin=\dimen192
\caption@rightmargin=\dimen193
\caption@width=\dimen194
\caption@indent=\dimen195
\caption@parindent=\dimen196
\caption@hangindent=\dimen197
Package caption Info: memoir document class detected.

(C:\Users\Samu\AppData\Local\Programs\MiKTeX\tex/latex/caption\caption-memoir.s
to
File: caption-memoir.sto 2023/09/08 v2.2c Adaption of the caption package to th
e memoir document class (AR)
))
\c@caption@flags=\count328
\c@continuedfloat=\count329
Package caption Info: changepage package is loaded.
\caption@adjustwidth@hsize=\dimen198
\caption@adjustwidth@linewidth=\dimen199
Package caption Info: longtable package is loaded.

(C:\Users\Samu\AppData\Local\Programs\MiKTeX\tex/latex/caption\ltcaption.sty
Package: ltcaption 2021/01/08 v1.4c longtable captions (AR)
))
(C:\Users\Samu\AppData\Local\Programs\MiKTeX\tex/latex/amsmath\amsmath.sty
Package: amsmath 2024/11/05 v2.17t AMS math features
\@mathmargin=\skip196

For additional information on amsmath, use the `?' option.
(C:\Users\Samu\AppData\Local\Programs\MiKTeX\tex/latex/amsmath\amstext.sty
Package: amstext 2021/08/26 v2.01 AMS text

(C:\Users\Samu\AppData\Local\Programs\MiKTeX\tex/latex/amsmath\amsgen.sty
File: amsgen.sty 1999/11/30 v2.0 generic functions
\@emptytoks=\toks27
\ex@=\dimen256
))
(C:\Users\Samu\AppData\Local\Programs\MiKTeX\tex/latex/amsmath\amsbsy.sty
Package: amsbsy 1999/11/29 v1.2d Bold Symbols
\pmbraise@=\dimen257
)
(C:\Users\Samu\AppData\Local\Programs\MiKTeX\tex/latex/amsmath\amsopn.sty
Package: amsopn 2022/04/08 v2.04 operator names
)
\inf@bad=\count330
LaTeX Info: Redefining \frac on input line 233.
\uproot@=\count331
\leftroot@=\count332
LaTeX Info: Redefining \overline on input line 398.
LaTeX Info: Redefining \colon on input line 409.
\classnum@=\count333
\DOTSCASE@=\count334
LaTeX Info: Redefining \ldots on input line 495.
LaTeX Info: Redefining \dots on input line 498.
LaTeX Info: Redefining \cdots on input line 619.
\Mathstrutbox@=\box66
\strutbox@=\box67
LaTeX Info: Redefining \big on input line 721.
LaTeX Info: Redefining \Big on input line 722.
LaTeX Info: Redefining \bigg on input line 723.
LaTeX Info: Redefining \Bigg on input line 724.
\big@size=\dimen258
LaTeX Font Info:    Redeclaring font encoding OML on input line 742.
LaTeX Font Info:    Redeclaring font encoding OMS on input line 743.
\macc@depth=\count335
LaTeX Info: Redefining \bmod on input line 904.
LaTeX Info: Redefining \pmod on input line 909.
LaTeX Info: Redefining \smash on input line 939.
LaTeX Info: Redefining \relbar on input line 969.
LaTeX Info: Redefining \Relbar on input line 970.
\c@MaxMatrixCols=\count336
\dotsspace@=\muskip17
\c@parentequation=\count337
\dspbrk@lvl=\count338
\tag@help=\toks28
\row@=\count339
\column@=\count340
\maxfields@=\count341
\andhelp@=\toks29
\eqnshift@=\dimen259
\alignsep@=\dimen260
\tagshift@=\dimen261
\tagwidth@=\dimen262
\totwidth@=\dimen263
\lineht@=\dimen264
\@envbody=\toks30
\multlinegap=\skip197
\multlinetaggap=\skip198
\mathdisplay@stack=\toks31
LaTeX Info: Redefining \[ on input line 2953.
LaTeX Info: Redefining \] on input line 2954.
)
(C:\Users\Samu\AppData\Local\Programs\MiKTeX\tex/latex/amsfonts\amssymb.sty
Package: amssymb 2013/01/14 v3.01 AMS font symbols

(C:\Users\Samu\AppData\Local\Programs\MiKTeX\tex/latex/amsfonts\amsfonts.sty
Package: amsfonts 2013/01/14 v3.01 Basic AMSFonts support
\symAMSa=\mathgroup4
\symAMSb=\mathgroup5
LaTeX Font Info:    Redeclaring math symbol \hbar on input line 98.
LaTeX Font Info:    Overwriting math alphabet `\mathfrak' in version `bold'
(Font)                  U/euf/m/n --> U/euf/b/n on input line 106.
))
(C:\Users\Samu\AppData\Local\Programs\MiKTeX\tex/latex/isomath\isomath.sty
Package: isomath 2012/09/04 v0.6.1 ISO math style

(C:\Users\Samu\AppData\Local\Programs\MiKTeX\tex/latex/fixmath\fixmath.sty
Package: fixmath 2022/10/06 v0.9.1 (WaS)
LaTeX Font Info:    Redeclaring math symbol \Gamma on input line 27.
LaTeX Font Info:    Redeclaring math symbol \Delta on input line 28.
LaTeX Font Info:    Redeclaring math symbol \Theta on input line 29.
LaTeX Font Info:    Redeclaring math symbol \Lambda on input line 30.
LaTeX Font Info:    Redeclaring math symbol \Xi on input line 31.
LaTeX Font Info:    Redeclaring math symbol \Pi on input line 32.
LaTeX Font Info:    Redeclaring math symbol \Sigma on input line 33.
LaTeX Font Info:    Redeclaring math symbol \Upsilon on input line 34.
LaTeX Font Info:    Redeclaring math symbol \Phi on input line 35.
LaTeX Font Info:    Redeclaring math symbol \Psi on input line 36.
LaTeX Font Info:    Redeclaring math symbol \Omega on input line 37.
LaTeX Font Info:    Redeclaring math symbol \alpha on input line 38.
LaTeX Font Info:    Redeclaring math symbol \beta on input line 39.
LaTeX Font Info:    Redeclaring math symbol \gamma on input line 40.
LaTeX Font Info:    Redeclaring math symbol \delta on input line 41.
LaTeX Font Info:    Redeclaring math symbol \epsilon on input line 42.
LaTeX Font Info:    Redeclaring math symbol \zeta on input line 43.
LaTeX Font Info:    Redeclaring math symbol \eta on input line 44.
LaTeX Font Info:    Redeclaring math symbol \theta on input line 45.
LaTeX Font Info:    Redeclaring math symbol \iota on input line 46.
LaTeX Font Info:    Redeclaring math symbol \kappa on input line 47.
LaTeX Font Info:    Redeclaring math symbol \lambda on input line 48.
LaTeX Font Info:    Redeclaring math symbol \mu on input line 49.
LaTeX Font Info:    Redeclaring math symbol \nu on input line 50.
LaTeX Font Info:    Redeclaring math symbol \xi on input line 51.
LaTeX Font Info:    Redeclaring math symbol \pi on input line 52.
LaTeX Font Info:    Redeclaring math symbol \rho on input line 53.
LaTeX Font Info:    Redeclaring math symbol \sigma on input line 54.
LaTeX Font Info:    Redeclaring math symbol \tau on input line 55.
LaTeX Font Info:    Redeclaring math symbol \upsilon on input line 56.
LaTeX Font Info:    Redeclaring math symbol \phi on input line 57.
LaTeX Font Info:    Redeclaring math symbol \chi on input line 58.
LaTeX Font Info:    Redeclaring math symbol \psi on input line 59.
LaTeX Font Info:    Redeclaring math symbol \omega on input line 60.
LaTeX Font Info:    Redeclaring math symbol \varepsilon on input line 61.
LaTeX Font Info:    Redeclaring math symbol \vartheta on input line 62.
LaTeX Font Info:    Redeclaring math symbol \varpi on input line 63.
LaTeX Font Info:    Redeclaring math symbol \varphi on input line 64.
LaTeX Font Info:    Redeclaring math symbol \varrho on input line 65.
LaTeX Font Info:    Redeclaring math symbol \varsigma on input line 66.
)
LaTeX Font Info:    Overwriting math alphabet `\mathsfit' in version `bold'
(Font)                  OML/cmbr/m/it --> OML/cmbr/bx/it on input line 201.
)
(C:\Users\Samu\AppData\Local\Programs\MiKTeX\tex/latex/jknappen\mathrsfs.sty
Package: mathrsfs 1996/01/01 Math RSFS package v1.0 (jk)
\symrsfs=\mathgroup6
)
(C:\Users\Samu\AppData\Local\Programs\MiKTeX\tex/generic/xint\xintexpr.sty
(C:\Users\Samu\AppData\Local\Programs\MiKTeX\tex/generic/xint\xintfrac.sty
(C:\Users\Samu\AppData\Local\Programs\MiKTeX\tex/generic/xint\xint.sty
(C:\Users\Samu\AppData\Local\Programs\MiKTeX\tex/generic/xint\xintcore.sty
(C:\Users\Samu\AppData\Local\Programs\MiKTeX\tex/generic/xint\xintkernel.sty
Package: xintkernel 2022/06/10 v1.4m Paraphernalia for the xint packages (JFB)
\xint_c_ii^xiv=\count342
\xint_c_ii^xxi=\count343
)
Package: xintcore 2022/06/10 v1.4m Expandable arithmetic on big integers (JFB)
\xint_c_x^viii=\count344
\xint_c_x^ix=\count345
\xint_c_x^viii_mone=\count346
\xint_c_xii_e_viii=\count347
\xint_c_xi_e_viii_mone=\count348
)
Package: xint 2022/06/10 v1.4m Expandable operations on big integers (JFB)
\xint_c_nine_x^viii=\count349
)
Package: xintfrac 2022/06/10 v1.4m Expandable operations on fractions (JFB)
) (C:\Users\Samu\AppData\Local\Programs\MiKTeX\tex/generic/xint\xinttools.sty
Package: xinttools 2022/06/10 v1.4m Expandable and non-expandable utilities (JF
B)
\XINT_toks=\toks32
)
Package: xintexpr 2022/06/10 v1.4m Expandable expression parser (JFB)

(C:\Users\Samu\AppData\Local\Programs\MiKTeX\tex/generic/xint\xinttrig.sty
Package: xinttrig 2022/06/10 v1.4m Trigonometrical functions for xintexpr (JFB)

)
(C:\Users\Samu\AppData\Local\Programs\MiKTeX\tex/generic/xint\xintlog.sty
Package: xintlog 2022/06/10 v1.4m Logarithms and exponentials for xintexpr (JFB
)

(C:\Users\Samu\AppData\Local\Programs\MiKTeX\tex/latex/poormanlog\poormanlog.st
y
Package: poormanlog 2022/05/25 v0.07 base 10 log and pow with 9 digits (JFB)

(C:\Users\Samu\AppData\Local\Programs\MiKTeX\tex/generic/poormanlog\poormanlog.
tex))))
(C:\Users\Samu\AppData\Local\Programs\MiKTeX\tex/latex/breakcites\breakcites.st
y) (C:\Users\Samu\AppData\Local\Programs\MiKTeX\tex/latex/graphics\graphicx.sty
Package: graphicx 2021/09/16 v1.2d Enhanced LaTeX Graphics (DPC,SPQR)
(C:\Users\Samu\AppData\Local\Programs\MiKTeX\tex/latex/graphics\graphics.sty
Package: graphics 2024/08/06 v1.4g Standard LaTeX Graphics (DPC,SPQR)

(C:\Users\Samu\AppData\Local\Programs\MiKTeX\tex/latex/graphics\trig.sty
Package: trig 2023/12/02 v1.11 sin cos tan (DPC)
)
(C:\Users\Samu\AppData\Local\Programs\MiKTeX\tex/latex/graphics-cfg\graphics.cf
g
File: graphics.cfg 2016/06/04 v1.11 sample graphics configuration
)
Package graphics Info: Driver file: pdftex.def on input line 106.

(C:\Users\Samu\AppData\Local\Programs\MiKTeX\tex/latex/graphics-def\pdftex.def
File: pdftex.def 2024/04/13 v1.2c Graphics/color driver for pdftex
))
\Gin@req@height=\dimen265
\Gin@req@width=\dimen266
) (C:\Users\Samu\AppData\Local\Programs\MiKTeX\tex/latex/tools\multicol.sty
Package: multicol 2024/09/14 v1.9i multicolumn formatting (FMi)
\c@tracingmulticols=\count350
\mult@box=\box68
\multicol@leftmargin=\dimen267
\c@unbalance=\count351
\c@collectmore=\count352
\doublecol@number=\count353
\multicoltolerance=\count354
\multicolpretolerance=\count355
\full@width=\dimen268
\page@free=\dimen269
\premulticols=\dimen270
\postmulticols=\dimen271
\multicolsep=\skip199
\multicolbaselineskip=\skip256
\partial@page=\box69
\last@line=\box70
\mc@boxedresult=\box71
\maxbalancingoverflow=\dimen272
\mult@rightbox=\box72
\mult@grightbox=\box73
\mult@firstbox=\box74
\mult@gfirstbox=\box75
\@tempa=\box76
\@tempa=\box77
\@tempa=\box78
\@tempa=\box79
\@tempa=\box80
\@tempa=\box81
\@tempa=\box82
\@tempa=\box83
\@tempa=\box84
\@tempa=\box85
\@tempa=\box86
\@tempa=\box87
\@tempa=\box88
\@tempa=\box89
\@tempa=\box90
\@tempa=\box91
\@tempa=\box92
\@tempa=\box93
\@tempa=\box94
\@tempa=\box95
\@tempa=\box96
\@tempa=\box97
\@tempa=\box98
\@tempa=\box99
\@tempa=\box100
\@tempa=\box101
\@tempa=\box102
\@tempa=\box103
\@tempa=\box104
\@tempa=\box105
\@tempa=\box106
\@tempa=\box107
\@tempa=\box108
\@tempa=\box109
\@tempa=\box110
\@tempa=\box111
\c@minrows=\count356
\c@columnbadness=\count357
\c@finalcolumnbadness=\count358
\last@try=\dimen273
\multicolovershoot=\dimen274
\multicolundershoot=\dimen275
\mult@nat@firstbox=\box112
\colbreak@box=\box113
\mc@col@check@num=\count359
)
(C:\Users\Samu\AppData\Local\Programs\MiKTeX\tex/latex/multirow\multirow.sty
Package: multirow 2024/11/12 v2.9 Span multiple rows of a table
\multirow@colwidth=\skip257
\multirow@cntb=\count360
\multirow@dima=\skip258
\bigstrutjot=\dimen276
)
(C:\Users\Samu\AppData\Local\Programs\MiKTeX\tex/latex/graphics\rotating.sty
Package: rotating 2016/08/11 v2.16d rotated objects in LaTeX

(C:\Users\Samu\AppData\Local\Programs\MiKTeX\tex/latex/base\ifthen.sty
Package: ifthen 2024/03/16 v1.1e Standard LaTeX ifthen package (DPC)
)
\c@r@tfl@t=\count361
\rotFPtop=\skip259
\rotFPbot=\skip260
\rot@float@box=\box114
\rot@mess@toks=\toks33
)
(C:\Program Files\MiKTeX\tex/latex/placeins\placeins.sty
Package: placeins 2005/04/18  v 2.2
)
(C:\Program Files\MiKTeX\tex/latex/enumitem\enumitem.sty
Package: enumitem 2025/02/06 v3.11 Customized lists
\labelindent=\skip261
\enit@outerparindent=\dimen277
\enit@toks=\toks34
\enit@inbox=\box115
\enit@count@id=\count362
\enitdp@description=\count363
)
(C:\Users\Samu\AppData\Local\Programs\MiKTeX\tex/latex/pdflscape\pdflscape.sty
Package: pdflscape 2022-10-27 v0.13 Display of landscape pages in PDF

(C:\Users\Samu\AppData\Local\Programs\MiKTeX\tex/latex/pdflscape\pdflscape-nome
tadata.sty
Package: pdflscape-nometadata 2022-10-28 v0.13 Display of landscape pages in PD
F (HO)

(C:\Users\Samu\AppData\Local\Programs\MiKTeX\tex/latex/graphics\lscape.sty
Package: lscape 2020/05/28 v3.02 Landscape Pages (DPC)
)
Package pdflscape Info: Auto-detected driver: pdftex on input line 81.
))
(C:\Users\Samu\AppData\Local\Programs\MiKTeX\tex/latex/mdwtools\mdwtab.sty
Package: mdwtab 1998/04/28 1.9 Table typesetting with style
\tab@state=\count364
\tab@columns=\count365
\tab@preamble=\toks35
\tab@shortline=\toks36
\extrarowheight=\dimen278
\tabextrasep=\dimen279
\arrayextrasep=\dimen280
\smarraycolsep=\dimen281
\smarrayextrasep=\dimen282
\tab@width=\dimen283
\col@sep=\dimen284
\tab@endheight=\dimen285
\tab@leftskip=\skip262
\tab@rightskip=\skip263
\fn@notes=\box116
\fn@width=\dimen286
)
(C:\Users\Samu\AppData\Local\Programs\MiKTeX\tex/latex/ltablex\ltablex.sty
Package: ltablex 2014/08/13 v1.1 Modified tabularx
)
(C:\Users\Samu\AppData\Local\Programs\MiKTeX\tex/latex/eqparbox\eqparbox.sty
Package: eqparbox 2017/09/03 v4.1 Create equal-widthed boxes
\eqp@tempdima=\skip264
\eqp@tempdimb=\skip265
\eqp@tabular@box=\box117
\eqp@list@box=\box118
\eqp@list@indent=\skip266

(C:\Users\Samu\AppData\Local\Programs\MiKTeX\tex/latex/environ\environ.sty
Package: environ 2014/05/04 v0.3 A new way to define environments

(C:\Users\Samu\AppData\Local\Programs\MiKTeX\tex/latex/trimspaces\trimspaces.st
y
Package: trimspaces 2009/09/17 v1.1 Trim spaces around a token list
)))
(C:\Users\Samu\AppData\Local\Programs\MiKTeX\tex/latex/excludeonly\excludeonly.
sty
Package: excludeonly 2003/03/14 v1.0 eponymous command opposite to \includeonly

)
(C:\Users\Samu\AppData\Local\Programs\MiKTeX\tex/latex/microtype\microtype.sty
Package: microtype 2025/02/11 v3.2a Micro-typographical refinements (RS)
\MT@toks=\toks37
\MT@tempbox=\box119
\MT@count=\count366
LaTeX Info: Redefining \noprotrusionifhmode on input line 1087.
LaTeX Info: Redefining \leftprotrusion on input line 1088.
\MT@prot@toks=\toks38
LaTeX Info: Redefining \rightprotrusion on input line 1107.
LaTeX Info: Redefining \textls on input line 1449.
\MT@outer@kern=\dimen287
LaTeX Info: Redefining \microtypecontext on input line 2053.
LaTeX Info: Redefining \textmicrotypecontext on input line 2070.
\MT@listname@count=\count367

(C:\Users\Samu\AppData\Local\Programs\MiKTeX\tex/latex/microtype\microtype-pdft
ex.def
File: microtype-pdftex.def 2025/02/11 v3.2a Definitions specific to pdftex (RS)

LaTeX Info: Redefining \lsstyle on input line 944.
LaTeX Info: Redefining \lslig on input line 944.
\MT@outer@space=\skip267
)
Package microtype Info: Loading configuration file microtype.cfg.

(C:\Users\Samu\AppData\Local\Programs\MiKTeX\tex/latex/microtype\microtype.cfg
File: microtype.cfg 2025/02/11 v3.2a microtype main configuration file (RS)
)
LaTeX Info: Redefining \microtypesetup on input line 3065.
)
(C:\Users\Samu\AppData\Local\Programs\MiKTeX\tex/latex/blindtext\blindtext.sty
Package: blindtext 2012/01/06 V2.0 blindtext-Package

(C:\Users\Samu\AppData\Local\Programs\MiKTeX\tex/latex/tools\xspace.sty
Package: xspace 2014/10/28 v1.13 Space after command names (DPC,MH)
)
\c@blindtext=\count368
\c@Blindtext=\count369
\c@blind@countparstart=\count370
\blind@countxx=\count371
\blindtext@numBlindtext=\count372
\blind@countyy=\count373
\c@blindlist=\count374
\c@blindlistlevel=\count375
\c@blindlist@level=\count376
\blind@listitem=\count377
\c@blind@listcount=\count378
\c@blind@levelcount=\count379
\blind@mathformula=\count380
\blind@Mathformula=\count381
\c@blind@randomcount=\count382
\c@blind@randommax=\count383
\c@blind@pangramcount=\count384
\c@blind@pangrammax=\count385
)
(C:\Users\Samu\AppData\Local\Programs\MiKTeX\tex/latex/lipsum\lipsum.sty
(C:\Users\Samu\AppData\Local\Programs\MiKTeX\tex/latex/l3packages/l3keys2e\l3ke
ys2e.sty
Package: l3keys2e 2024-08-16 LaTeX2e option processing using LaTeX3 keys
)
Package: lipsum 2021-09-20 v2.7 150 paragraphs of Lorem Ipsum dummy text
\g__lipsum_par_int=\count386
\l__lipsum_a_int=\count387
\l__lipsum_b_int=\count388

(C:\Users\Samu\AppData\Local\Programs\MiKTeX\tex/latex/lipsum\lipsum.ltd.tex))
(C:\Users\Samu\AppData\Local\Programs\MiKTeX\tex/latex/datetime\datetime.sty
Package: datetime 2015/03/20 v2.60 Date Time Package

(C:\Users\Samu\AppData\Local\Programs\MiKTeX\tex/latex/fmtcount\fmtcount.sty
Package: fmtcount 2025/02/09 v3.10 Displaying the values of LaTeX counters (NT,
VB,NE)

(C:\Users\Samu\AppData\Local\Programs\MiKTeX\tex/latex/xkeyval\xkeyval.sty
Package: xkeyval 2022/06/16 v2.9 package option processing (HA)

(C:\Users\Samu\AppData\Local\Programs\MiKTeX\tex/generic/xkeyval\xkeyval.tex
(C:\Users\Samu\AppData\Local\Programs\MiKTeX\tex/generic/xkeyval\xkvutils.tex
\XKV@toks=\toks39
\XKV@tempa@toks=\toks40
)
\XKV@depth=\count389
File: xkeyval.tex 2014/12/03 v2.7a key=value parser (HA)
)) (C:\Users\Samu\AppData\Local\Programs\MiKTeX\tex/latex/fmtcount\fcprefix.sty
Package: fcprefix 2012/09/28

(C:\Users\Samu\AppData\Local\Programs\MiKTeX\tex/latex/fmtcount\fcnumparser.sty
Package: fcnumparser 2017/06/15
\fc@digit@counter=\count390
))
\c@padzeroesN=\count391
\fc@tmpcatcode=\count392
\@DT@modctr=\count393
\@ordinalctr=\count394
\@orgargctr=\count395
\@strctr=\count396
\@tmpstrctr=\count397
\@DT@loopN=\count398
\@DT@X=\count399


Package fmtcount Warning: \ordinal already defined use \FCordinal instead. on i
nput line 438.

)
(C:\Users\Samu\AppData\Local\Programs\MiKTeX\tex/latex/datetime\datetime-defaul
ts.sty
Package: datetime-defaults 2013/09/10
)
\@day=\count400
\@month=\count401
\@year=\count402
\c@HOUR=\count403
\c@HOURXII=\count404
\c@MINUTE=\count405
\c@TOHOUR=\count406
\c@TOMINUTE=\count407
\c@SECOND=\count408
\currenthour=\count409
\currentminute=\count410
\currentsecond=\count411
Package datetime Info: No datetime.cfg file found, using default settings on in
put line 308.
\@dtctr=\count412
\dayofyear=\count413
\dayofweek=\count414
LaTeX Info: Redefining \today on input line 736.
\dt@a=\toks41
\dt@b=\toks42
)
(C:\Users\Samu\AppData\Local\Programs\MiKTeX\tex/latex/comment\comment.sty
\CommentStream=\write4

Excluding comment 'comment')
(C:\Users\Samu\AppData\Local\Programs\MiKTeX\tex/latex/notoccite\notoccite.sty
Package: notoccite 2000/07/20
) (C:\Users\Samu\AppData\Local\Programs\MiKTeX\tex/latex/graphics\color.sty
Package: color 2024/06/23 v1.3e Standard LaTeX Color (DPC)

(C:\Users\Samu\AppData\Local\Programs\MiKTeX\tex/latex/graphics-cfg\color.cfg
File: color.cfg 2016/01/02 v1.6 sample color configuration
)
Package color Info: Driver file: pdftex.def on input line 149.

(C:\Users\Samu\AppData\Local\Programs\MiKTeX\tex/latex/graphics\mathcolor.ltx))
(C:\Users\Samu\AppData\Local\Programs\MiKTeX\tex/latex/xcolor\xcolor.sty
Package: xcolor 2024/09/29 v3.02 LaTeX color extensions (UK)

(C:\Users\Samu\AppData\Local\Programs\MiKTeX\tex/latex/graphics-cfg\color.cfg
File: color.cfg 2016/01/02 v1.6 sample color configuration
)
Package xcolor Info: Driver file: pdftex.def on input line 274.
LaTeX Info: Redefining \color on input line 762.

(C:\Users\Samu\AppData\Local\Programs\MiKTeX\tex/latex/graphics\mathcolor.ltx)
Package xcolor Info: Model `cmy' substituted by `cmy0' on input line 1349.
Package xcolor Info: Model `hsb' substituted by `rgb' on input line 1353.
Package xcolor Info: Model `RGB' extended on input line 1365.
Package xcolor Info: Model `HTML' substituted by `rgb' on input line 1367.
Package xcolor Info: Model `Hsb' substituted by `hsb' on input line 1368.
Package xcolor Info: Model `tHsb' substituted by `hsb' on input line 1369.
Package xcolor Info: Model `HSB' substituted by `hsb' on input line 1370.
Package xcolor Info: Model `Gray' substituted by `gray' on input line 1371.
Package xcolor Info: Model `wave' substituted by `hsb' on input line 1372.
) (C:\Users\Samu\AppData\Local\Programs\MiKTeX\tex/latex/titlesec\titletoc.sty
Package: titletoc 2025/01/04 v2.17 TOC entries
\ttl@leftsep=\dimen288
)
(C:\Users\Samu\AppData\Local\Programs\MiKTeX\tex/latex/hyperref\hyperref.sty
Package: hyperref 2024-11-05 v7.01l Hypertext links for LaTeX

(C:\Users\Samu\AppData\Local\Programs\MiKTeX\tex/generic/kvdefinekeys\kvdefinek
eys.sty
Package: kvdefinekeys 2019-12-19 v1.6 Define keys (HO)
)
(C:\Users\Samu\AppData\Local\Programs\MiKTeX\tex/generic/pdfescape\pdfescape.st
y
Package: pdfescape 2019/12/09 v1.15 Implements pdfTeX's escape features (HO)

(C:\Users\Samu\AppData\Local\Programs\MiKTeX\tex/generic/pdftexcmds\pdftexcmds.
sty
Package: pdftexcmds 2020-06-27 v0.33 Utility functions of pdfTeX for LuaTeX (HO
)
Package pdftexcmds Info: \pdf@primitive is available.
Package pdftexcmds Info: \pdf@ifprimitive is available.
Package pdftexcmds Info: \pdfdraftmode found.
))
(C:\Users\Samu\AppData\Local\Programs\MiKTeX\tex/latex/hycolor\hycolor.sty
Package: hycolor 2020-01-27 v1.10 Color options for hyperref/bookmark (HO)
)
(C:\Users\Samu\AppData\Local\Programs\MiKTeX\tex/generic/stringenc\stringenc.st
y
Package: stringenc 2019/11/29 v1.12 Convert strings between diff. encodings (HO
)
)
\@linkdim=\dimen289
\Hy@linkcounter=\count415
\Hy@pagecounter=\count416
 (C:\Users\Samu\AppData\Local\Programs\MiKTeX\tex/latex/hyperref\pd1enc.def
File: pd1enc.def 2024-11-05 v7.01l Hyperref: PDFDocEncoding definition (HO)
Now handling font encoding PD1 ...
... no UTF-8 mapping file for font encoding PD1
)
(C:\Users\Samu\AppData\Local\Programs\MiKTeX\tex/generic/intcalc\intcalc.sty
Package: intcalc 2019/12/15 v1.3 Expandable calculations with integers (HO)
)
\Hy@SavedSpaceFactor=\count417

(C:\Users\Samu\AppData\Local\Programs\MiKTeX\tex/latex/hyperref\puenc.def
File: puenc.def 2024-11-05 v7.01l Hyperref: PDF Unicode definition (HO)
Now handling font encoding PU ...
... no UTF-8 mapping file for font encoding PU
)
Package hyperref Info: Option `final' set `true' on input line 4040.
Package hyperref Info: Hyper figures OFF on input line 4157.
Package hyperref Info: Link nesting OFF on input line 4162.
Package hyperref Info: Hyper index ON on input line 4165.
Package hyperref Info: Plain pages OFF on input line 4172.
Package hyperref Info: Backreferencing OFF on input line 4177.
Package hyperref Info: Implicit mode ON; LaTeX internals redefined.
Package hyperref Info: Bookmarks ON on input line 4424.
\c@Hy@tempcnt=\count418

(C:\Users\Samu\AppData\Local\Programs\MiKTeX\tex/latex/url\url.sty
\Urlmuskip=\muskip18
Package: url 2013/09/16  ver 3.4  Verb mode for urls, etc.
)
LaTeX Info: Redefining \url on input line 4763.
\XeTeXLinkMargin=\dimen290

(C:\Users\Samu\AppData\Local\Programs\MiKTeX\tex/generic/bitset\bitset.sty
Package: bitset 2019/12/09 v1.3 Handle bit-vector datatype (HO)

(C:\Users\Samu\AppData\Local\Programs\MiKTeX\tex/generic/bigintcalc\bigintcalc.
sty
Package: bigintcalc 2019/12/15 v1.5 Expandable calculations on big integers (HO
)
))
\Fld@menulength=\count419
\Field@Width=\dimen291
\Fld@charsize=\dimen292
Package hyperref Info: Hyper figures OFF on input line 6042.
Package hyperref Info: Link nesting OFF on input line 6047.
Package hyperref Info: Hyper index ON on input line 6050.
Package hyperref Info: backreferencing OFF on input line 6057.
Package hyperref Info: Link coloring OFF on input line 6062.
Package hyperref Info: Link coloring with OCG OFF on input line 6067.
Package hyperref Info: PDF/A mode OFF on input line 6072.

(C:\Users\Samu\AppData\Local\Programs\MiKTeX\tex/latex/base\atbegshi-ltx.sty
Package: atbegshi-ltx 2021/01/10 v1.0c Emulation of the original atbegshi
package with kernel methods
)
\Hy@abspage=\count420
\c@Item=\count421
\c@Hfootnote=\count422
)
Package hyperref Info: Driver (autodetected): hpdftex.

(C:\Users\Samu\AppData\Local\Programs\MiKTeX\tex/latex/hyperref\hpdftex.def
File: hpdftex.def 2024-11-05 v7.01l Hyperref driver for pdfTeX

(C:\Users\Samu\AppData\Local\Programs\MiKTeX\tex/latex/base\atveryend-ltx.sty
Package: atveryend-ltx 2020/08/19 v1.0a Emulation of the original atveryend pac
kage
with kernel methods
)
\Fld@listcount=\count423
\c@bookmark@seq@number=\count424

(C:\Users\Samu\AppData\Local\Programs\MiKTeX\tex/latex/rerunfilecheck\rerunfile
check.sty
Package: rerunfilecheck 2022-07-10 v1.10 Rerun checks for auxiliary files (HO)

(C:\Users\Samu\AppData\Local\Programs\MiKTeX\tex/generic/uniquecounter\uniqueco
unter.sty
Package: uniquecounter 2019/12/15 v1.4 Provide unlimited unique counter (HO)
)
Package uniquecounter Info: New unique counter `rerunfilecheck' on input line 2
85.
)
\Hy@SectionHShift=\skip268
)
(C:\Users\Samu\AppData\Local\Programs\MiKTeX\tex/latex/memoir\memhfixc.sty
Package: memhfixc 2025/03/06 v1.23 hyperref package fixes for memoir class
\c@memhycontfloat=\count425
\c@mem@Hpagenote=\count426
)
(C:\Users\Samu\AppData\Local\Programs\MiKTeX\tex/latex/pdfpages\pdfpages.sty
Package: pdfpages 2025/03/12 v0.6f Insert pages of external PDF documents (AM)

(C:\Users\Samu\AppData\Local\Programs\MiKTeX\tex/latex/tools\calc.sty
Package: calc 2023/07/08 v4.3 Infix arithmetic (KKT,FJ)
\calc@Acount=\count427
\calc@Bcount=\count428
\calc@Adimen=\dimen293
\calc@Bdimen=\dimen294
\calc@Askip=\skip269
\calc@Bskip=\skip270
LaTeX Info: Redefining \setlength on input line 80.
LaTeX Info: Redefining \addtolength on input line 81.
\calc@Ccount=\count429
\calc@Cskip=\skip271
)
(C:\Users\Samu\AppData\Local\Programs\MiKTeX\tex/latex/eso-pic\eso-pic.sty
Package: eso-pic 2023/05/03 v3.0c eso-pic (RN)
\ESO@tempdima=\dimen295
\ESO@tempdimb=\dimen296
)
\AM@pagewidth=\dimen297
\AM@pageheight=\dimen298
\AM@fboxrule=\dimen299

(C:\Users\Samu\AppData\Local\Programs\MiKTeX\tex/latex/pdfpages\pppdftex.def
File: pppdftex.def 2025/03/12 v0.6f Pdfpages driver for pdfTeX (AM)
)
\pdfpages@includegraphics@status=\count430
\AM@pagebox=\box120
\AM@global@opts=\toks43
\AM@pagecnt=\count431
\AM@toc@title=\toks44
\AM@lof@heading=\toks45
\c@AM@survey=\count432
\AM@templatesizebox=\box121
)
(C:\Users\Samu\AppData\Local\Programs\MiKTeX\tex/generic/soul\soul.sty
Package: soul 2023-06-14 v3.1 Permit use of UTF-8 characters in soul (HO)

(C:\Users\Samu\AppData\Local\Programs\MiKTeX\tex/generic/soul\soul-ori.sty
Package: soul-ori 2023-06-14 v3.1 letterspacing/underlining (mf)
\SOUL@word=\toks46
\SOUL@lasttoken=\toks47
\SOUL@syllable=\toks48
\SOUL@cmds=\toks49
\SOUL@buffer=\toks50
\SOUL@token=\toks51
\SOUL@syllgoal=\dimen300
\SOUL@syllwidth=\dimen301
\SOUL@charkern=\dimen302
\SOUL@hyphkern=\dimen303
\SOUL@dimen=\dimen304
\SOUL@dimeni=\dimen305
\SOUL@minus=\count433
\SOUL@comma=\count434
\SOUL@apo=\count435
\SOUL@grave=\count436
\SOUL@spaceskip=\skip272
\SOUL@ttwidth=\dimen306
\SOUL@uldp=\dimen307
\SOUL@ulht=\dimen308
)
(C:\Users\Samu\AppData\Local\Programs\MiKTeX\tex/generic/etexcmds\etexcmds.sty
Package: etexcmds 2019/12/15 v1.7 Avoid name clashes with e-TeX commands (HO)
))
(C:\Users\Samu\AppData\Local\Programs\MiKTeX\tex/latex/clipboard\clipboard.sty
Package: clipboard 2016/05/18 v0.3 Copy and paste into and across documents
\clipboard@fileout=\write5
)
(C:\Users\Samu\AppData\Local\Programs\MiKTeX\tex/latex/algorithms\algorithmic.s
ty
Package: algorithmic 2009/08/24 v0.1 Document Style `algorithmic'
\c@ALC@unique=\count437
\c@ALC@line=\count438
\c@ALC@rem=\count439
\c@ALC@depth=\count440
\ALC@tlm=\skip273
\algorithmicindent=\skip274
)
(C:\Users\Samu\AppData\Local\Programs\MiKTeX\tex/latex/pgf/frontendlayer\tikz.s
ty
(C:\Users\Samu\AppData\Local\Programs\MiKTeX\tex/latex/pgf/basiclayer\pgf.sty
(C:\Users\Samu\AppData\Local\Programs\MiKTeX\tex/latex/pgf/utilities\pgfrcs.sty

(C:\Users\Samu\AppData\Local\Programs\MiKTeX\tex/generic/pgf/utilities\pgfutil-
common.tex
\pgfutil@everybye=\toks52
\pgfutil@tempdima=\dimen309
\pgfutil@tempdimb=\dimen310
)
(C:\Users\Samu\AppData\Local\Programs\MiKTeX\tex/generic/pgf/utilities\pgfutil-
latex.def
\pgfutil@abb=\box122
)
(C:\Users\Samu\AppData\Local\Programs\MiKTeX\tex/generic/pgf/utilities\pgfrcs.c
ode.tex
(C:\Users\Samu\AppData\Local\Programs\MiKTeX\tex/generic/pgf\pgf.revision.tex)
Package: pgfrcs 2023-01-15 v3.1.10 (3.1.10)
))
Package: pgf 2023-01-15 v3.1.10 (3.1.10)

(C:\Users\Samu\AppData\Local\Programs\MiKTeX\tex/latex/pgf/basiclayer\pgfcore.s
ty
(C:\Users\Samu\AppData\Local\Programs\MiKTeX\tex/latex/pgf/systemlayer\pgfsys.s
ty
(C:\Users\Samu\AppData\Local\Programs\MiKTeX\tex/generic/pgf/systemlayer\pgfsys
.code.tex
Package: pgfsys 2023-01-15 v3.1.10 (3.1.10)

(C:\Users\Samu\AppData\Local\Programs\MiKTeX\tex/generic/pgf/utilities\pgfkeys.
code.tex
\pgfkeys@pathtoks=\toks53
\pgfkeys@temptoks=\toks54

(C:\Users\Samu\AppData\Local\Programs\MiKTeX\tex/generic/pgf/utilities\pgfkeysl
ibraryfiltered.code.tex
\pgfkeys@tmptoks=\toks55
))
\pgf@x=\dimen311
\pgf@y=\dimen312
\pgf@xa=\dimen313
\pgf@ya=\dimen314
\pgf@xb=\dimen315
\pgf@yb=\dimen316
\pgf@xc=\dimen317
\pgf@yc=\dimen318
\pgf@xd=\dimen319
\pgf@yd=\dimen320
\w@pgf@writea=\write6
\r@pgf@reada=\read3
\c@pgf@counta=\count441
\c@pgf@countb=\count442
\c@pgf@countc=\count443
\c@pgf@countd=\count444
\t@pgf@toka=\toks56
\t@pgf@tokb=\toks57
\t@pgf@tokc=\toks58
\pgf@sys@id@count=\count445

(C:\Users\Samu\AppData\Local\Programs\MiKTeX\tex/generic/pgf/systemlayer\pgf.cf
g
File: pgf.cfg 2023-01-15 v3.1.10 (3.1.10)
)
Driver file for pgf: pgfsys-pdftex.def

(C:\Users\Samu\AppData\Local\Programs\MiKTeX\tex/generic/pgf/systemlayer\pgfsys
-pdftex.def
File: pgfsys-pdftex.def 2023-01-15 v3.1.10 (3.1.10)

(C:\Users\Samu\AppData\Local\Programs\MiKTeX\tex/generic/pgf/systemlayer\pgfsys
-common-pdf.def
File: pgfsys-common-pdf.def 2023-01-15 v3.1.10 (3.1.10)
)))
(C:\Users\Samu\AppData\Local\Programs\MiKTeX\tex/generic/pgf/systemlayer\pgfsys
softpath.code.tex
File: pgfsyssoftpath.code.tex 2023-01-15 v3.1.10 (3.1.10)
\pgfsyssoftpath@smallbuffer@items=\count446
\pgfsyssoftpath@bigbuffer@items=\count447
)
(C:\Users\Samu\AppData\Local\Programs\MiKTeX\tex/generic/pgf/systemlayer\pgfsys
protocol.code.tex
File: pgfsysprotocol.code.tex 2023-01-15 v3.1.10 (3.1.10)
))
(C:\Users\Samu\AppData\Local\Programs\MiKTeX\tex/generic/pgf/basiclayer\pgfcore
.code.tex
Package: pgfcore 2023-01-15 v3.1.10 (3.1.10)

(C:\Users\Samu\AppData\Local\Programs\MiKTeX\tex/generic/pgf/math\pgfmath.code.
tex
(C:\Users\Samu\AppData\Local\Programs\MiKTeX\tex/generic/pgf/math\pgfmathutil.c
ode.tex)
(C:\Users\Samu\AppData\Local\Programs\MiKTeX\tex/generic/pgf/math\pgfmathparser
.code.tex
\pgfmath@dimen=\dimen321
\pgfmath@count=\count448
\pgfmath@box=\box123
\pgfmath@toks=\toks59
\pgfmath@stack@operand=\toks60
\pgfmath@stack@operation=\toks61
)
(C:\Users\Samu\AppData\Local\Programs\MiKTeX\tex/generic/pgf/math\pgfmathfuncti
ons.code.tex)
(C:\Users\Samu\AppData\Local\Programs\MiKTeX\tex/generic/pgf/math\pgfmathfuncti
ons.basic.code.tex)
(C:\Users\Samu\AppData\Local\Programs\MiKTeX\tex/generic/pgf/math\pgfmathfuncti
ons.trigonometric.code.tex)
(C:\Users\Samu\AppData\Local\Programs\MiKTeX\tex/generic/pgf/math\pgfmathfuncti
ons.random.code.tex)
(C:\Users\Samu\AppData\Local\Programs\MiKTeX\tex/generic/pgf/math\pgfmathfuncti
ons.comparison.code.tex)
(C:\Users\Samu\AppData\Local\Programs\MiKTeX\tex/generic/pgf/math\pgfmathfuncti
ons.base.code.tex)
(C:\Users\Samu\AppData\Local\Programs\MiKTeX\tex/generic/pgf/math\pgfmathfuncti
ons.round.code.tex)
(C:\Users\Samu\AppData\Local\Programs\MiKTeX\tex/generic/pgf/math\pgfmathfuncti
ons.misc.code.tex)
(C:\Users\Samu\AppData\Local\Programs\MiKTeX\tex/generic/pgf/math\pgfmathfuncti
ons.integerarithmetics.code.tex)
(C:\Users\Samu\AppData\Local\Programs\MiKTeX\tex/generic/pgf/math\pgfmathcalc.c
ode.tex)
(C:\Users\Samu\AppData\Local\Programs\MiKTeX\tex/generic/pgf/math\pgfmathfloat.
code.tex
\c@pgfmathroundto@lastzeros=\count449
))
(C:\Users\Samu\AppData\Local\Programs\MiKTeX\tex/generic/pgf/math\pgfint.code.t
ex)
(C:\Users\Samu\AppData\Local\Programs\MiKTeX\tex/generic/pgf/basiclayer\pgfcore
points.code.tex
File: pgfcorepoints.code.tex 2023-01-15 v3.1.10 (3.1.10)
\pgf@picminx=\dimen322
\pgf@picmaxx=\dimen323
\pgf@picminy=\dimen324
\pgf@picmaxy=\dimen325
\pgf@pathminx=\dimen326
\pgf@pathmaxx=\dimen327
\pgf@pathminy=\dimen328
\pgf@pathmaxy=\dimen329
\pgf@xx=\dimen330
\pgf@xy=\dimen331
\pgf@yx=\dimen332
\pgf@yy=\dimen333
\pgf@zx=\dimen334
\pgf@zy=\dimen335
)
(C:\Users\Samu\AppData\Local\Programs\MiKTeX\tex/generic/pgf/basiclayer\pgfcore
pathconstruct.code.tex
File: pgfcorepathconstruct.code.tex 2023-01-15 v3.1.10 (3.1.10)
\pgf@path@lastx=\dimen336
\pgf@path@lasty=\dimen337
)
(C:\Users\Samu\AppData\Local\Programs\MiKTeX\tex/generic/pgf/basiclayer\pgfcore
pathusage.code.tex
File: pgfcorepathusage.code.tex 2023-01-15 v3.1.10 (3.1.10)
\pgf@shorten@end@additional=\dimen338
\pgf@shorten@start@additional=\dimen339
)
(C:\Users\Samu\AppData\Local\Programs\MiKTeX\tex/generic/pgf/basiclayer\pgfcore
scopes.code.tex
File: pgfcorescopes.code.tex 2023-01-15 v3.1.10 (3.1.10)
\pgfpic=\box124
\pgf@hbox=\box125
\pgf@layerbox@main=\box126
\pgf@picture@serial@count=\count450
)
(C:\Users\Samu\AppData\Local\Programs\MiKTeX\tex/generic/pgf/basiclayer\pgfcore
graphicstate.code.tex
File: pgfcoregraphicstate.code.tex 2023-01-15 v3.1.10 (3.1.10)
\pgflinewidth=\dimen340
)
(C:\Users\Samu\AppData\Local\Programs\MiKTeX\tex/generic/pgf/basiclayer\pgfcore
transformations.code.tex
File: pgfcoretransformations.code.tex 2023-01-15 v3.1.10 (3.1.10)
\pgf@pt@x=\dimen341
\pgf@pt@y=\dimen342
\pgf@pt@temp=\dimen343
)
(C:\Users\Samu\AppData\Local\Programs\MiKTeX\tex/generic/pgf/basiclayer\pgfcore
quick.code.tex
File: pgfcorequick.code.tex 2023-01-15 v3.1.10 (3.1.10)
)
(C:\Users\Samu\AppData\Local\Programs\MiKTeX\tex/generic/pgf/basiclayer\pgfcore
objects.code.tex
File: pgfcoreobjects.code.tex 2023-01-15 v3.1.10 (3.1.10)
)
(C:\Users\Samu\AppData\Local\Programs\MiKTeX\tex/generic/pgf/basiclayer\pgfcore
pathprocessing.code.tex
File: pgfcorepathprocessing.code.tex 2023-01-15 v3.1.10 (3.1.10)
)
(C:\Users\Samu\AppData\Local\Programs\MiKTeX\tex/generic/pgf/basiclayer\pgfcore
arrows.code.tex
File: pgfcorearrows.code.tex 2023-01-15 v3.1.10 (3.1.10)
\pgfarrowsep=\dimen344
)
(C:\Users\Samu\AppData\Local\Programs\MiKTeX\tex/generic/pgf/basiclayer\pgfcore
shade.code.tex
File: pgfcoreshade.code.tex 2023-01-15 v3.1.10 (3.1.10)
\pgf@max=\dimen345
\pgf@sys@shading@range@num=\count451
\pgf@shadingcount=\count452
)
(C:\Users\Samu\AppData\Local\Programs\MiKTeX\tex/generic/pgf/basiclayer\pgfcore
image.code.tex
File: pgfcoreimage.code.tex 2023-01-15 v3.1.10 (3.1.10)
)
(C:\Users\Samu\AppData\Local\Programs\MiKTeX\tex/generic/pgf/basiclayer\pgfcore
external.code.tex
File: pgfcoreexternal.code.tex 2023-01-15 v3.1.10 (3.1.10)
\pgfexternal@startupbox=\box127
)
(C:\Users\Samu\AppData\Local\Programs\MiKTeX\tex/generic/pgf/basiclayer\pgfcore
layers.code.tex
File: pgfcorelayers.code.tex 2023-01-15 v3.1.10 (3.1.10)
)
(C:\Users\Samu\AppData\Local\Programs\MiKTeX\tex/generic/pgf/basiclayer\pgfcore
transparency.code.tex
File: pgfcoretransparency.code.tex 2023-01-15 v3.1.10 (3.1.10)
)
(C:\Users\Samu\AppData\Local\Programs\MiKTeX\tex/generic/pgf/basiclayer\pgfcore
patterns.code.tex
File: pgfcorepatterns.code.tex 2023-01-15 v3.1.10 (3.1.10)
)
(C:\Users\Samu\AppData\Local\Programs\MiKTeX\tex/generic/pgf/basiclayer\pgfcore
rdf.code.tex
File: pgfcorerdf.code.tex 2023-01-15 v3.1.10 (3.1.10)
)))
(C:\Users\Samu\AppData\Local\Programs\MiKTeX\tex/generic/pgf/modules\pgfmodules
hapes.code.tex
File: pgfmoduleshapes.code.tex 2023-01-15 v3.1.10 (3.1.10)
\pgfnodeparttextbox=\box128
)
(C:\Users\Samu\AppData\Local\Programs\MiKTeX\tex/generic/pgf/modules\pgfmodulep
lot.code.tex
File: pgfmoduleplot.code.tex 2023-01-15 v3.1.10 (3.1.10)
)
(C:\Users\Samu\AppData\Local\Programs\MiKTeX\tex/latex/pgf/compatibility\pgfcom
p-version-0-65.sty
Package: pgfcomp-version-0-65 2023-01-15 v3.1.10 (3.1.10)
\pgf@nodesepstart=\dimen346
\pgf@nodesepend=\dimen347
)
(C:\Users\Samu\AppData\Local\Programs\MiKTeX\tex/latex/pgf/compatibility\pgfcom
p-version-1-18.sty
Package: pgfcomp-version-1-18 2023-01-15 v3.1.10 (3.1.10)
))
(C:\Users\Samu\AppData\Local\Programs\MiKTeX\tex/latex/pgf/utilities\pgffor.sty

(C:\Users\Samu\AppData\Local\Programs\MiKTeX\tex/latex/pgf/utilities\pgfkeys.st
y
(C:\Users\Samu\AppData\Local\Programs\MiKTeX\tex/generic/pgf/utilities\pgfkeys.
code.tex))
(C:\Users\Samu\AppData\Local\Programs\MiKTeX\tex/latex/pgf/math\pgfmath.sty
(C:\Users\Samu\AppData\Local\Programs\MiKTeX\tex/generic/pgf/math\pgfmath.code.
tex))
(C:\Users\Samu\AppData\Local\Programs\MiKTeX\tex/generic/pgf/utilities\pgffor.c
ode.tex
Package: pgffor 2023-01-15 v3.1.10 (3.1.10)
\pgffor@iter=\dimen348
\pgffor@skip=\dimen349
\pgffor@stack=\toks62
\pgffor@toks=\toks63
))
(C:\Users\Samu\AppData\Local\Programs\MiKTeX\tex/generic/pgf/frontendlayer/tikz
\tikz.code.tex
Package: tikz 2023-01-15 v3.1.10 (3.1.10)

(C:\Users\Samu\AppData\Local\Programs\MiKTeX\tex/generic/pgf/libraries\pgflibra
ryplothandlers.code.tex
File: pgflibraryplothandlers.code.tex 2023-01-15 v3.1.10 (3.1.10)
\pgf@plot@mark@count=\count453
\pgfplotmarksize=\dimen350
)
\tikz@lastx=\dimen351
\tikz@lasty=\dimen352
\tikz@lastxsaved=\dimen353
\tikz@lastysaved=\dimen354
\tikz@lastmovetox=\dimen355
\tikz@lastmovetoy=\dimen356
\tikzleveldistance=\dimen357
\tikzsiblingdistance=\dimen358
\tikz@figbox=\box129
\tikz@figbox@bg=\box130
\tikz@tempbox=\box131
\tikz@tempbox@bg=\box132
\tikztreelevel=\count454
\tikznumberofchildren=\count455
\tikznumberofcurrentchild=\count456
\tikz@fig@count=\count457

(C:\Users\Samu\AppData\Local\Programs\MiKTeX\tex/generic/pgf/modules\pgfmodulem
atrix.code.tex
File: pgfmodulematrix.code.tex 2023-01-15 v3.1.10 (3.1.10)
\pgfmatrixcurrentrow=\count458
\pgfmatrixcurrentcolumn=\count459
\pgf@matrix@numberofcolumns=\count460
)
\tikz@expandcount=\count461

(C:\Users\Samu\AppData\Local\Programs\MiKTeX\tex/generic/pgf/frontendlayer/tikz
/libraries\tikzlibrarytopaths.code.tex
File: tikzlibrarytopaths.code.tex 2023-01-15 v3.1.10 (3.1.10)
)))
(C:\Users\Samu\AppData\Local\Programs\MiKTeX\tex/generic/alphalph\alphalph.sty
Package: alphalph 2019/12/09 v2.6 Convert numbers to letters (HO)
) (C:\Users\Samu\AppData\Local\Programs\MiKTeX\tex/latex/listings\listings.sty
\lst@mode=\count462
\lst@gtempboxa=\box133
\lst@token=\toks64
\lst@length=\count463
\lst@currlwidth=\dimen359
\lst@column=\count464
\lst@pos=\count465
\lst@lostspace=\dimen360
\lst@width=\dimen361
\lst@newlines=\count466
\lst@lineno=\count467
\lst@maxwidth=\dimen362

(C:\Users\Samu\AppData\Local\Programs\MiKTeX\tex/latex/listings\lstpatch.sty
File: lstpatch.sty 2024/09/23 1.10c (Carsten Heinz)
)
(C:\Users\Samu\AppData\Local\Programs\MiKTeX\tex/latex/listings\lstmisc.sty
File: lstmisc.sty 2024/09/23 1.10c (Carsten Heinz)
\c@lstnumber=\count468
\lst@skipnumbers=\count469
\lst@framebox=\box134
)
(C:\Users\Samu\AppData\Local\Programs\MiKTeX\tex/latex/listings\listings.cfg
File: listings.cfg 2024/09/23 1.10c listings configuration
))
Package: listings 2024/09/23 1.10c (Carsten Heinz)
\c@subfigure=\count470
\cftbeforesubfigureskip=\skip275
\cftsubfigureindent=\skip276
\cftsubfigurenumwidth=\skip277
) (format/postamble.ltx
(C:\Users\Samu\AppData\Local\Programs\MiKTeX\tex/latex/lineno\lineno.sty
Package: lineno 2025/05/13 line numbers on paragraphs v5.5
\linenopenalty=\count471
\output=\toks65
\linenoprevgraf=\count472
\linenumbersep=\dimen363
\linenumberwidth=\dimen364
\c@linenumber=\count473
\c@pagewiselinenumber=\count474
\c@LN@truepage=\count475
\c@internallinenumber=\count476
\c@internallinenumbers=\count477
\quotelinenumbersep=\dimen365
\bframerule=\dimen366
\bframesep=\dimen367
\bframebox=\box135
\@LN@amsmath@ams@eqpen=\count478
)
\document@idxfile=\write7
\openout7 = `document.idx'.


Writing index file document.idx 
(C:\Users\Samu\AppData\Local\Programs\MiKTeX\tex/latex/datatool\datagidx.sty
Package: datagidx 2025/04/25 v3.4.1 (NLCT)
\l__datagidx_columns_int=\count479

(C:\Users\Samu\AppData\Local\Programs\MiKTeX\tex/latex/datatool\datatool.sty
Package: datatool 2025/04/25 v3.4.1 (NLCT)

(C:\Users\Samu\AppData\Local\Programs\MiKTeX\tex/latex/xfor\xfor.sty
Package: xfor 2009/02/05 v1.05 (NLCT)
)
(C:\Users\Samu\AppData\Local\Programs\MiKTeX\tex/latex/tracklang\tracklang.sty
Package: tracklang 2025/03/11 v1.6.6 (NLCT) Track Languages

(C:\Users\Samu\AppData\Local\Programs\MiKTeX\tex/generic/tracklang\tracklang.te
x))
(C:\Users\Samu\AppData\Local\Programs\MiKTeX\tex/latex/datatool\datatool-base.s
ty
Package: datatool-base 2025/04/25 v3.4.1 (NLCT)

(C:\Users\Samu\AppData\Local\Programs\MiKTeX\tex/latex/datatool\datatool-l3fp.d
ef
File: datatool-l3fp.def 2025/04/25 v3.4.1 (NLCT)
)
\@dtl@toks=\toks66
\@dtl@tmpcount=\count480
\dtl@tmplength=\skip278
\l__datatool_measure_box=\box136
\dtl@sortresult=\count481

(C:\Users\Samu\AppData\Local\Programs\MiKTeX\tex/latex/datatool\datatool-utf8.l
df
File: datatool-utf8.ldf 2025/04/25 v3.4.1 (NLCT)
)
\@dtl@datatype=\count482
\l__datatool_tmpa_int=\count483
\l__datatool_tmpb_int=\count484
\l__datatool_tmpc_int=\count485
\l__datatool_tmpd_int=\count486
\l__datatool_count_int=\count487
\l__datatool_tmp_datatype_int=\count488
\l__datatool_tmpa_dim=\dimen368
\l__datatool_tmpb_dim=\dimen369
\c_datatool_unknown_int=\count489
\l__datatool_year_int=\count490
\l__datatool_month_int=\count491
\l__datatool_day_int=\count492
\l__datatool_hour_int=\count493
\l__datatool_minute_int=\count494
\l__datatool_second_int=\count495
\l__datatool_tzhour_int=\count496
\l__datatool_tzminute_int=\count497
\l__datatool_julian_int=\count498
\l__datatool_local_julian_int=\count499
\l__datatool_prefix_int=\count500
\l__datatool_suffix_int=\count501
\@dtl@foreach@level=\count502
\dtl@codeA=\count503
\dtl@codeB=\count504
)
\l__datatool_max_cols_int=\count505
\l__datatool_col_idx_int=\count506
\l__datatool_row_idx_int=\count507
\l__datatool_item_type_int=\count508
\l__datatool_action_column_int=\count509
\l__datatool_action_column_ii_int=\count510
\l__datatool_action_row_int=\count511
\l__datatool_action_row_ii_int=\count512
\l__datatool_action_type_int=\count513
\l__datatool_action_datum_round_int=\count514
\dtlcolumnnum=\count515
\dtlrownum=\count516
\@dtl@before=\toks67
\@dtl@after=\toks68
\@dtl@colhead=\toks69
\dtlcurrentrow=\toks70
\dtlbeforerow=\toks71
\dtlafterrow=\toks72
\l__datatool_map_data_max_cols_int=\count517
\l__datatool_map_data_edit_column_int=\count518
\dtlforeachlevel=\count519
\c@DTLrow=\count520
\c@DTLrowi=\count521
\c@DTLrowii=\count522
\c@DTLrowiii=\count523
\dtl@rowi=\count524
\dtl@rowii=\count525
\dtl@rowiii=\count526
\g__filtered_row_i_int=\count527
\g__filtered_row_ii_int=\count528
\g__filtered_row_iii_int=\count529
\@dtl@curi=\toks73
\@dtl@previ=\toks74
\@dtl@nexti=\toks75
\@dtl@curii=\toks76
\@dtl@previi=\toks77
\@dtl@nextii=\toks78
\@dtl@curiii=\toks79
\@dtl@previii=\toks80
\@dtl@nextiii=\toks81
\l_datatool_display_per_row_int=\count530
\l_datatool_display_tab_rows_int=\count531
\@dtl@toksA=\toks82
\@dtl@toksB=\toks83
\@dtl@elements=\count532
\__datatool_sort_data_sortcol_int=\count533
\__datatool_sort_data_grpcol_int=\count534
\dtl@omitlines=\count535
\l__datatool_line_int=\count536
)
(C:\Users\Samu\AppData\Local\Programs\MiKTeX\tex/latex/mfirstuc\mfirstuc.sty
Package: mfirstuc 2025/04/03 v2.09 (NLCT)
\@glsmfirst=\toks84
\@glsmrest=\toks85
)
\dtldb@datagidx=\toks86
\dtlkeys@datagidx=\toks87
\dtlrows@datagidx=\count537
\dtlcols@datagidx=\count538
\c@DTLgidxChildCount=\count539
\datagidxsymbolwidth=\skip279
\datagidxlocationwidth=\skip280
\l__datagidx_childindent_dim=\dimen370
\datagidxindent=\skip281
\datagidxnamewidth=\skip282
\datagidxdescwidth=\skip283
\l__datagidx_prevloc_int=\count540
\l__datagidx_currentloc_int=\count541
\l__datagidx_startloc_int=\count542
\g__datagidx_anchor_count_int=\count543
\datagidx@level=\count544
)
\dtldb@abbreviation=\toks88
\dtlkeys@abbreviation=\toks89
\dtlrows@abbreviation=\count545
\dtlcols@abbreviation=\count546
\dtldb@notation=\toks90
\dtlkeys@notation=\toks91
\dtlrows@notation=\count547
\dtlcols@notation=\count548
\dtldb@glossary=\toks92
\dtlkeys@glossary=\toks93
\dtlrows@glossary=\count549
\dtlcols@glossary=\count550

(abbreviation.tex) (notation.tex) (glossary.tex)
(C:\Users\Samu\AppData\Local\Programs\MiKTeX\tex/latex/bookmark\bookmark.sty
Package: bookmark 2023-12-10 v1.31 PDF bookmarks (HO)

(C:\Users\Samu\AppData\Local\Programs\MiKTeX\tex/latex/bookmark\bkm-pdftex.def
File: bkm-pdftex.def 2023-12-10 v1.31 bookmark driver for pdfTeX and luaTeX (HO
)
\BKM@id=\count551
))
Package hyperref Info: Option `unicode' set `true' on input line 82.
Package hyperref Info: Option `psdextra' set `true' on input line 82.
 (C:\Users\Samu\AppData\Local\Programs\MiKTeX\tex/latex/hyperref\psdextra.def
File: psdextra.def 2024-11-05 v7.01l Hyperref: Additions to PDF string support
)
Package hyperref Info: Option `breaklinks' set `true' on input line 82.

Package hyperref Warning: Option `bookmarks' has already been used,
(hyperref)                setting the option has no effect on input line 82.

Package hyperref Info: Option `bookmarksnumbered' set `true' on input line 82.

Package hyperref Warning: Option `pdfpagelabels' has already been used,
(hyperref)                setting the option has no effect on input line 82.

Package hyperref Info: Option `plainpages' set `false' on input line 82.
Package hyperref Info: Option `hypertexnames' set `true' on input line 82.
Package hyperref Info: Option `colorlinks' set `true' on input line 82.
Package hyperref Info: Option `bookmarksopen' set `true' on input line 82.
(C:\Users\Samu\AppData\Local\Programs\MiKTeX\tex/latex/wallpaper\wallpaper.sty
Package: wallpaper 2005/01/18, v1.01 easy wallpaper formatting (MHFW)
\wpXoffset=\skip284
\wpYoffset=\skip285
\tileXoffset=\skip286
\tileYoffset=\skip287
\tilewidth=\skip288
\tileheight=\skip289
\tileX=\skip290
\tileY=\skip291
) (C:\Users\Samu\AppData\Local\Programs\MiKTeX\tex/latex/geometry\geometry.sty
Package: geometry 2020/01/02 v5.9 Page Geometry

(C:\Users\Samu\AppData\Local\Programs\MiKTeX\tex/generic/iftex\ifvtex.sty
Package: ifvtex 2019/10/25 v1.7 ifvtex legacy package. Use iftex instead.
)
\Gm@cnth=\count552
\Gm@cntv=\count553
\c@Gm@tempcnt=\count554
\Gm@bindingoffset=\dimen371
\Gm@wd@mp=\dimen372
\Gm@odd@mp=\dimen373
\Gm@even@mp=\dimen374
\Gm@layoutwidth=\dimen375
\Gm@layoutheight=\dimen376
\Gm@layouthoffset=\dimen377
\Gm@layoutvoffset=\dimen378
\Gm@dimlist=\toks94

(C:\Users\Samu\AppData\Local\Programs\MiKTeX\tex/latex/geometry\geometry.cfg)))
(index_citations.tex)
LaTeX Font Info:    Trying to load font information for OT1+ptm on input line 1
64.

(C:\Users\Samu\AppData\Local\Programs\MiKTeX\tex/latex/psnfss\ot1ptm.fd
File: ot1ptm.fd 2001/06/04 font definitions for OT1/ptm.
)
(document.aux (introduction.aux) (literature_review.aux)
(theoretical_considerations.aux) (design_considerations.aux) (methodology.aux)
(results_and_discussions.aux) (conclusions.aux) (appendix_partner_evidence.aux)
(appendix_survey_instrument.aux) (appendix_technical_details.aux))
\openout1 = `document.aux'.

LaTeX Font Info:    Checking defaults for OML/cmm/m/it on input line 164.
LaTeX Font Info:    ... okay on input line 164.
LaTeX Font Info:    Checking defaults for OMS/cmsy/m/n on input line 164.
LaTeX Font Info:    ... okay on input line 164.
LaTeX Font Info:    Checking defaults for OT1/cmr/m/n on input line 164.
LaTeX Font Info:    ... okay on input line 164.
LaTeX Font Info:    Checking defaults for T1/cmr/m/n on input line 164.
LaTeX Font Info:    ... okay on input line 164.
LaTeX Font Info:    Checking defaults for TS1/cmr/m/n on input line 164.
LaTeX Font Info:    ... okay on input line 164.
LaTeX Font Info:    Checking defaults for OMX/cmex/m/n on input line 164.
LaTeX Font Info:    ... okay on input line 164.
LaTeX Font Info:    Checking defaults for U/cmr/m/n on input line 164.
LaTeX Font Info:    ... okay on input line 164.
LaTeX Font Info:    Checking defaults for PD1/pdf/m/n on input line 164.
LaTeX Font Info:    ... okay on input line 164.
LaTeX Font Info:    Checking defaults for PU/pdf/m/n on input line 164.
LaTeX Font Info:    ... okay on input line 164.
Package caption Info: Begin \AtBeginDocument code.
Package caption Info: hyperref package is loaded.
Package caption Info: listings package is loaded.
Package caption Info: rotating package is loaded.
Package caption Info: End \AtBeginDocument code.

(C:\Users\Samu\AppData\Local\Programs\MiKTeX\tex/context/base/mkii\supp-pdf.mki
i
[Loading MPS to PDF converter (version 2006.09.02).]
\scratchcounter=\count555
\scratchdimen=\dimen379
\scratchbox=\box137
\nofMPsegments=\count556
\nofMParguments=\count557
\everyMPshowfont=\toks95
\MPscratchCnt=\count558
\MPscratchDim=\dimen380
\MPnumerator=\count559
\makeMPintoPDFobject=\count560
\everyMPtoPDFconversion=\toks96
)
(C:\Users\Samu\AppData\Local\Programs\MiKTeX\tex/latex/epstopdf-pkg\epstopdf-ba
se.sty
Package: epstopdf-base 2020-01-24 v2.11 Base part for package epstopdf
Package epstopdf-base Info: Redefining graphics rule for `.eps' on input line 4
85.

(C:\Users\Samu\AppData\Local\Programs\MiKTeX\tex/latex/00miktex\epstopdf-sys.cf
g
File: epstopdf-sys.cfg 2021/03/18 v2.0 Configuration of epstopdf for MiKTeX
))
LaTeX Info: Redefining \microtypecontext on input line 164.
Package microtype Info: Applying patch `item' on input line 164.
Package microtype Info: Applying patch `toc' on input line 164.
Package microtype Info: Applying patch `eqnum' on input line 164.
Package microtype Info: Applying patch `footnote' on input line 164.
Package microtype Info: Applying patch `verbatim' on input line 164.
LaTeX Info: Redefining \microtypesetup on input line 164.
Package microtype Info: Generating PDF output.
Package microtype Info: Character protrusion enabled (level 2).
Package microtype Info: Using default protrusion set `alltext'.
Package microtype Info: Automatic font expansion enabled (level 2),
(microtype)             stretch: 20, shrink: 20, step: 1, non-selected.
Package microtype Info: Using default expansion set `alltext-nott'.
LaTeX Info: Redefining \showhyphens on input line 164.
Package microtype Info: No adjustment of tracking.
Package microtype Info: No adjustment of interword spacing.
Package microtype Info: No adjustment of character kerning.
 (C:\Users\Samu\AppData\Local\Programs\MiKTeX\tex/latex/microtype\mt-ptm.cfg
File: mt-ptm.cfg 2006/04/20 v1.7 microtype config. file: Times (RS)
)
(C:\Users\Samu\AppData\Local\Programs\MiKTeX\tex/latex/fmtcount\fc-english.def
File: fc-english.def 2016/01/12
)
Package hyperref Info: Link coloring ON on input line 164.
\c@lstlisting=\count561
*geometry* driver: auto-detecting
*geometry* detected driver: pdftex
*geometry* verbose mode - [ preamble ] result:
* driver: pdftex
* paper: letterpaper
* layout: <same size as paper>
* layoutoffset:(h,v)=(0.0pt,0.0pt)
* modes: 
* h-part:(L,W,R)=(102.42992pt, 429.3521pt, 82.51299pt)
* v-part:(T,H,B)=(139.4185pt, 573.0385pt, 82.51299pt)
* \paperwidth=614.295pt
* \paperheight=794.96999pt
* \textwidth=429.3521pt
* \textheight=573.0385pt
* \oddsidemargin=30.15993pt
* \evensidemargin=30.15993pt
* \topmargin=-18.48337pt
* \headheight=14.5pt
* \headsep=71.13188pt
* \topskip=12.0pt
* \footskip=30.0pt
* \marginparwidth=50.0pt
* \marginparsep=7.0pt
* \columnsep=10.0pt
* \skip\footins=12.0pt plus 4.0pt minus 4.0pt
* \hoffset=0.0pt
* \voffset=0.0pt
* \mag=1000
* \@twocolumnfalse
* \@twosidefalse
* \@mparswitchfalse
* \@reversemarginfalse
* (1in=72.27pt=25.4mm, 1cm=28.453pt)

(format/pre_toc.ltx (format/titlep.ltx
<figure/../format/DLSU_Logo.png, id=6, 158.994pt x 158.994pt>
File: figure/../format/DLSU_Logo.png Graphic file (type png)
<use figure/../format/DLSU_Logo.png>
Package pdftex.def Info: figure/../format/DLSU_Logo.png  used on input line 7.
(pdftex.def)             Requested size: 60.10902pt x 60.1078pt.
LaTeX Font Info:    Trying to load font information for OT1+phv on input line 9
.

(C:\Users\Samu\AppData\Local\Programs\MiKTeX\tex/latex/psnfss\ot1phv.fd
File: ot1phv.fd 2020/03/25 scalable font definitions for OT1/phv.
)
Package microtype Info: Loading generic protrusion settings for font family
(microtype)             `phv' (encoding: OT1).
(microtype)             For optimal results, create family-specific settings.
(microtype)             See the microtype manual for details.



(C:\Users\Samu\AppData\Local\Programs\MiKTeX\tex/generic/stringenc\se-pdfdoc.de
f
File: se-pdfdoc.def 2019/11/29 v1.12 stringenc: PDFDocEncoding
) [1

{C:/Users/Samu/AppData/Local/MiKTeX/fonts/map/pdftex/pdftex.map}{C:/Users/Samu/
AppData/Local/Programs/MiKTeX/fonts/enc/dvips/base/8r.enc} <./figure/../format/
DLSU_Logo.png>]) (format/defense.ltx) (format/approval.ltx)
(format/aaa.ltx (abstract.tex)

<figure/../format/dlsu_thesis_paper_letterhead.pdf, id=16, 614.295pt x 794.97pt
>
File: figure/../format/dlsu_thesis_paper_letterhead.pdf Graphic file (type pdf)

<use figure/../format/dlsu_thesis_paper_letterhead.pdf>
Package pdftex.def Info: figure/../format/dlsu_thesis_paper_letterhead.pdf  use
d on input line 52.
(pdftex.def)             Requested size: 614.31223pt x 794.99231pt.
[2




 <./figure/../format/dlsu_thesis_paper_letterhead.pdf>])) (document.toc
(C:\Users\Samu\AppData\Local\Programs\MiKTeX\tex/latex/microtype\mt-cmr.cfg
File: mt-cmr.cfg 2013/05/19 v2.2 microtype config. file: Computer Modern Roman 
(RS)
)
LaTeX Font Info:    Trying to load font information for U+msa on input line 1.

(C:\Users\Samu\AppData\Local\Programs\MiKTeX\tex/latex/amsfonts\umsa.fd
File: umsa.fd 2013/01/14 v3.01 AMS symbols A
)
(C:\Users\Samu\AppData\Local\Programs\MiKTeX\tex/latex/microtype\mt-msa.cfg
File: mt-msa.cfg 2006/02/04 v1.1 microtype config. file: AMS symbols (a) (RS)
)
LaTeX Font Info:    Trying to load font information for U+msb on input line 1.

(C:\Users\Samu\AppData\Local\Programs\MiKTeX\tex/latex/amsfonts\umsb.fd
File: umsb.fd 2013/01/14 v3.01 AMS symbols B
)
(C:\Users\Samu\AppData\Local\Programs\MiKTeX\tex/latex/microtype\mt-msb.cfg
File: mt-msb.cfg 2005/06/01 v1.0 microtype config. file: AMS symbols (b) (RS)
)
LaTeX Font Info:    Trying to load font information for U+rsfs on input line 1.


(C:\Users\Samu\AppData\Local\Programs\MiKTeX\tex/latex/jknappen\ursfs.fd
File: ursfs.fd 1998/03/24 rsfs font definition file (jk)
)
Overfull \hbox (0.45941pt too wide) detected at line 8
 [][]\OT1/ptm/b/n/12 xxii[][]
 []



File: figure/../format/dlsu_thesis_paper_letterhead.pdf Graphic file (type pdf)

<use figure/../format/dlsu_thesis_paper_letterhead.pdf>
Package pdftex.def Info: figure/../format/dlsu_thesis_paper_letterhead.pdf  use
d on input line 29.
(pdftex.def)             Requested size: 614.31223pt x 794.99231pt.
[3


]

File: figure/../format/dlsu_thesis_paper_letterhead.pdf Graphic file (type pdf)

<use figure/../format/dlsu_thesis_paper_letterhead.pdf>
Package pdftex.def Info: figure/../format/dlsu_thesis_paper_letterhead.pdf  use
d on input line 65.
(pdftex.def)             Requested size: 614.31223pt x 794.99231pt.
[4]

File: figure/../format/dlsu_thesis_paper_letterhead.pdf Graphic file (type pdf)

<use figure/../format/dlsu_thesis_paper_letterhead.pdf>
Package pdftex.def Info: figure/../format/dlsu_thesis_paper_letterhead.pdf  use
d on input line 103.
(pdftex.def)             Requested size: 614.31223pt x 794.99231pt.
[5]

File: figure/../format/dlsu_thesis_paper_letterhead.pdf Graphic file (type pdf)

<use figure/../format/dlsu_thesis_paper_letterhead.pdf>
Package pdftex.def Info: figure/../format/dlsu_thesis_paper_letterhead.pdf  use
d on input line 142.
(pdftex.def)             Requested size: 614.31223pt x 794.99231pt.
[6]

File: figure/../format/dlsu_thesis_paper_letterhead.pdf Graphic file (type pdf)

<use figure/../format/dlsu_thesis_paper_letterhead.pdf>
Package pdftex.def Info: figure/../format/dlsu_thesis_paper_letterhead.pdf  use
d on input line 180.
(pdftex.def)             Requested size: 614.31223pt x 794.99231pt.
[7]

File: figure/../format/dlsu_thesis_paper_letterhead.pdf Graphic file (type pdf)

<use figure/../format/dlsu_thesis_paper_letterhead.pdf>
Package pdftex.def Info: figure/../format/dlsu_thesis_paper_letterhead.pdf  use
d on input line 218.
(pdftex.def)             Requested size: 614.31223pt x 794.99231pt.
[8]

File: figure/../format/dlsu_thesis_paper_letterhead.pdf Graphic file (type pdf)

<use figure/../format/dlsu_thesis_paper_letterhead.pdf>
Package pdftex.def Info: figure/../format/dlsu_thesis_paper_letterhead.pdf  use
d on input line 255.
(pdftex.def)             Requested size: 614.31223pt x 794.99231pt.
[9]
Overfull \hbox (5.6594pt too wide) in paragraph at lines 262--262
 [][] [][][]\OT1/ptm/b/n/12 (-20) PARTNER CO-OR-DI-NA-TION AND PRO-TO-TYPE DEMO
N-STRA- 
 []

)
\tf@toc=\write8
\openout8 = `document.toc'.



File: figure/../format/dlsu_thesis_paper_letterhead.pdf Graphic file (type pdf)

<use figure/../format/dlsu_thesis_paper_letterhead.pdf>
Package pdftex.def Info: figure/../format/dlsu_thesis_paper_letterhead.pdf  use
d on input line 174.
(pdftex.def)             Requested size: 614.31223pt x 794.99231pt.
[10] (document.lof

File: figure/../format/dlsu_thesis_paper_letterhead.pdf Graphic file (type pdf)

<use figure/../format/dlsu_thesis_paper_letterhead.pdf>
Package pdftex.def Info: figure/../format/dlsu_thesis_paper_letterhead.pdf  use
d on input line 40.
(pdftex.def)             Requested size: 614.31223pt x 794.99231pt.
[11

])
\tf@lof=\write9
\openout9 = `document.lof'.



File: figure/../format/dlsu_thesis_paper_letterhead.pdf Graphic file (type pdf)

<use figure/../format/dlsu_thesis_paper_letterhead.pdf>
Package pdftex.def Info: figure/../format/dlsu_thesis_paper_letterhead.pdf  use
d on input line 178.
(pdftex.def)             Requested size: 614.31223pt x 794.99231pt.
[12] (document.lot
Package microtype Info: Loading generic protrusion settings for font family
(microtype)             `cmtt' (encoding: OT1).
(microtype)             For optimal results, create family-specific settings.
(microtype)             See the microtype manual for details.


File: figure/../format/dlsu_thesis_paper_letterhead.pdf Graphic file (type pdf)

<use figure/../format/dlsu_thesis_paper_letterhead.pdf>
Package pdftex.def Info: figure/../format/dlsu_thesis_paper_letterhead.pdf  use
d on input line 38.
(pdftex.def)             Requested size: 614.31223pt x 794.99231pt.
[13

])
\tf@lot=\write10
\openout10 = `document.lot'.



File: figure/../format/dlsu_thesis_paper_letterhead.pdf Graphic file (type pdf)

<use figure/../format/dlsu_thesis_paper_letterhead.pdf>
Package pdftex.def Info: figure/../format/dlsu_thesis_paper_letterhead.pdf  use
d on input line 182.
(pdftex.def)             Requested size: 614.31223pt x 794.99231pt.
[14] (document.lol)
\tf@lol=\write11
\openout11 = `document.lol'.



File: figure/../format/dlsu_thesis_paper_letterhead.pdf Graphic file (type pdf)

<use figure/../format/dlsu_thesis_paper_letterhead.pdf>
Package pdftex.def Info: figure/../format/dlsu_thesis_paper_letterhead.pdf  use
d on input line 186.
(pdftex.def)             Requested size: 614.31223pt x 794.99231pt.
[15

]

File: figure/../format/dlsu_thesis_paper_letterhead.pdf Graphic file (type pdf)

<use figure/../format/dlsu_thesis_paper_letterhead.pdf>
Package pdftex.def Info: figure/../format/dlsu_thesis_paper_letterhead.pdf  use
d on input line 193.
(pdftex.def)             Requested size: 614.31223pt x 794.99231pt.
[16

]

File: figure/../format/dlsu_thesis_paper_letterhead.pdf Graphic file (type pdf)

<use figure/../format/dlsu_thesis_paper_letterhead.pdf>
Package pdftex.def Info: figure/../format/dlsu_thesis_paper_letterhead.pdf  use
d on input line 193.
(pdftex.def)             Requested size: 614.31223pt x 794.99231pt.
[17]

File: figure/../format/dlsu_thesis_paper_letterhead.pdf Graphic file (type pdf)

<use figure/../format/dlsu_thesis_paper_letterhead.pdf>
Package pdftex.def Info: figure/../format/dlsu_thesis_paper_letterhead.pdf  use
d on input line 193.
(pdftex.def)             Requested size: 614.31223pt x 794.99231pt.
[18]

File: figure/../format/dlsu_thesis_paper_letterhead.pdf Graphic file (type pdf)

<use figure/../format/dlsu_thesis_paper_letterhead.pdf>
Package pdftex.def Info: figure/../format/dlsu_thesis_paper_letterhead.pdf  use
d on input line 196.
(pdftex.def)             Requested size: 614.31223pt x 794.99231pt.
[19]

File: figure/../format/dlsu_thesis_paper_letterhead.pdf Graphic file (type pdf)

<use figure/../format/dlsu_thesis_paper_letterhead.pdf>
Package pdftex.def Info: figure/../format/dlsu_thesis_paper_letterhead.pdf  use
d on input line 203.
(pdftex.def)             Requested size: 614.31223pt x 794.99231pt.
[20

]

File: figure/../format/dlsu_thesis_paper_letterhead.pdf Graphic file (type pdf)

<use figure/../format/dlsu_thesis_paper_letterhead.pdf>
Package pdftex.def Info: figure/../format/dlsu_thesis_paper_letterhead.pdf  use
d on input line 210.
(pdftex.def)             Requested size: 614.31223pt x 794.99231pt.
[21]
Underfull \hbox (badness 1314) in paragraph at lines 217--217
[]\OT1/ptm/m/n/12 (+20) A tech-nique used to iden-tify data
 []


Underfull \hbox (badness 1314) in paragraph at lines 217--217
[]\OT1/ptm/m/n/12 (+20) A branch of com-puter sci-ence fo-
 []


Underfull \hbox (badness 1629) in paragraph at lines 217--217
\OT1/ptm/m/n/12 (+20) quire hu-man in-tel-li-gence, such as
 []


Underfull \hbox (badness 1024) in paragraph at lines 217--217
[]\OT1/ptm/m/n/12 (+20) Data anal-y-sis per-formed on cloud-
 []



File: figure/../format/dlsu_thesis_paper_letterhead.pdf Graphic file (type pdf)

<use figure/../format/dlsu_thesis_paper_letterhead.pdf>
Package pdftex.def Info: figure/../format/dlsu_thesis_paper_letterhead.pdf  use
d on input line 217.
(pdftex.def)             Requested size: 614.31223pt x 794.99231pt.
[22

]
Underfull \hbox (badness 2080) in paragraph at lines 217--217
[]\OT1/ptm/m/n/12 (+20) A context-aware ma-chine learn-ing
 []



File: figure/../format/dlsu_thesis_paper_letterhead.pdf Graphic file (type pdf)

<use figure/../format/dlsu_thesis_paper_letterhead.pdf>
Package pdftex.def Info: figure/../format/dlsu_thesis_paper_letterhead.pdf  use
d on input line 217.
(pdftex.def)             Requested size: 614.31223pt x 794.99231pt.
[23]

File: figure/../format/dlsu_thesis_paper_letterhead.pdf Graphic file (type pdf)

<use figure/../format/dlsu_thesis_paper_letterhead.pdf>
Package pdftex.def Info: figure/../format/dlsu_thesis_paper_letterhead.pdf  use
d on input line 217.
(pdftex.def)             Requested size: 614.31223pt x 794.99231pt.
[24]
Underfull \hbox (badness 2302) in paragraph at lines 217--217
[]\OT1/ptm/m/n/12 (+20) A con-fi-dence in-ter-val for a bi-no-
 []


Underfull \hbox (badness 1019) in paragraph at lines 217--217
\OT1/ptm/m/n/12 (+20) mial pro-por-tion that re-mains ac-cu-
 []


Underfull \hbox (badness 1005) in paragraph at lines 217--217
\OT1/ptm/m/n/12 (+20) a model's pre-dic-tions in-ter-pretable,
 []



File: figure/../format/dlsu_thesis_paper_letterhead.pdf Graphic file (type pdf)

<use figure/../format/dlsu_thesis_paper_letterhead.pdf>
Package pdftex.def Info: figure/../format/dlsu_thesis_paper_letterhead.pdf  use
d on input line 217.
(pdftex.def)             Requested size: 614.31223pt x 794.99231pt.
[25]
Underfull \hbox (badness 1558) in paragraph at lines 217--217
\OT1/ptm/m/n/12 (+20) quency sweeps (chirps), pro-vid-ing
 []


Underfull \hbox (badness 10000) in paragraph at lines 217--217
[]\OT1/ptm/m/n/12 (+20) The fleet-manager in-ter-face that
 []


Underfull \hbox (badness 3407) in paragraph at lines 217--217
\OT1/ptm/m/n/12 (+20) presents fleet-vehicle sta-tus, trips,
 []


Underfull \hbox (badness 10000) in paragraph at lines 217--217
\OT1/ptm/m/n/12 (+20) maps, teleme-try logs, an-a-lyt-ics,
 []


Underfull \hbox (badness 3492) in paragraph at lines 217--217
[]\OT1/ptm/m/n/12 (+20) The cloud-side ser-vice layer that
 []


Underfull \hbox (badness 3646) in paragraph at lines 217--217
\OT1/ptm/m/n/12 (+20) re-ceives teleme-try, stores records,
 []


Underfull \hbox (badness 3919) in paragraph at lines 217--217
[]\OT1/ptm/m/n/12 (+20) A mea-sured fuel-volume or fuel-
 []



File: figure/../format/dlsu_thesis_paper_letterhead.pdf Graphic file (type pdf)

<use figure/../format/dlsu_thesis_paper_letterhead.pdf>
Package pdftex.def Info: figure/../format/dlsu_thesis_paper_letterhead.pdf  use
d on input line 217.
(pdftex.def)             Requested size: 614.31223pt x 794.99231pt.
[26]
Underfull \hbox (badness 10000) in paragraph at lines 217--217
[]\OT1/ptm/m/n/12 (+20) A pub-licly de-rived clean-route
 []


Underfull \hbox (badness 1668) in paragraph at lines 217--217
\OT1/ptm/m/n/12 (+20) data come from a dif-fer-ent route,
 []



File: figure/../format/dlsu_thesis_paper_letterhead.pdf Graphic file (type pdf)

<use figure/../format/dlsu_thesis_paper_letterhead.pdf>
Package pdftex.def Info: figure/../format/dlsu_thesis_paper_letterhead.pdf  use
d on input line 217.
(pdftex.def)             Requested size: 614.31223pt x 794.99231pt.
[27]
Underfull \hbox (badness 1152) in paragraph at lines 217--217
\OT1/ptm/m/n/12 (+20) used by the pro-to-type to pre-serve
 []



File: figure/../format/dlsu_thesis_paper_letterhead.pdf Graphic file (type pdf)

<use figure/../format/dlsu_thesis_paper_letterhead.pdf>
Package pdftex.def Info: figure/../format/dlsu_thesis_paper_letterhead.pdf  use
d on input line 217.
(pdftex.def)             Requested size: 614.31223pt x 794.99231pt.
[28]

File: figure/../format/dlsu_thesis_paper_letterhead.pdf Graphic file (type pdf)

<use figure/../format/dlsu_thesis_paper_letterhead.pdf>
Package pdftex.def Info: figure/../format/dlsu_thesis_paper_letterhead.pdf  use
d on input line 220.
(pdftex.def)             Requested size: 614.31223pt x 794.99231pt.
[29]

File: figure/../format/dlsu_thesis_paper_letterhead.pdf Graphic file (type pdf)

<use figure/../format/dlsu_thesis_paper_letterhead.pdf>
Package pdftex.def Info: figure/../format/dlsu_thesis_paper_letterhead.pdf  use
d on input line 235.
(pdftex.def)             Requested size: 614.31223pt x 794.99231pt.
[1


]
\openout2 = `introduction.aux'.

 (introduction.tex

File: figure/../format/dlsu_thesis_paper_letterhead.pdf Graphic file (type pdf)

<use figure/../format/dlsu_thesis_paper_letterhead.pdf>
Package pdftex.def Info: figure/../format/dlsu_thesis_paper_letterhead.pdf  use
d on input line 9.
(pdftex.def)             Requested size: 614.31223pt x 794.99231pt.
[2

]

File: figure/../format/dlsu_thesis_paper_letterhead.pdf Graphic file (type pdf)

<use figure/../format/dlsu_thesis_paper_letterhead.pdf>
Package pdftex.def Info: figure/../format/dlsu_thesis_paper_letterhead.pdf  use
d on input line 11.
(pdftex.def)             Requested size: 614.31223pt x 794.99231pt.
[3]
LaTeX Font Info:    Trying to load font information for TS1+ptm on input line 1
9.
 (C:\Users\Samu\AppData\Local\Programs\MiKTeX\tex/latex/psnfss\ts1ptm.fd
File: ts1ptm.fd 2001/06/04 font definitions for TS1/ptm.
)

File: figure/../format/dlsu_thesis_paper_letterhead.pdf Graphic file (type pdf)

<use figure/../format/dlsu_thesis_paper_letterhead.pdf>
Package pdftex.def Info: figure/../format/dlsu_thesis_paper_letterhead.pdf  use
d on input line 20.
(pdftex.def)             Requested size: 614.31223pt x 794.99231pt.
[4]

File: figure/../format/dlsu_thesis_paper_letterhead.pdf Graphic file (type pdf)

<use figure/../format/dlsu_thesis_paper_letterhead.pdf>
Package pdftex.def Info: figure/../format/dlsu_thesis_paper_letterhead.pdf  use
d on input line 33.
(pdftex.def)             Requested size: 614.31223pt x 794.99231pt.
[5]
Underfull \hbox (badness 10000) in paragraph at lines 49--49
[]\OT1/ptm/b/n/9 (+20) Literature Ti-tle
 []


Underfull \hbox (badness 10000) in paragraph at lines 54--54
[]\OT1/ptm/b/n/9 (+20) Literature Ti-tle
 []


Underfull \hbox (badness 10000) in paragraph at lines 58--58
[]\OT1/ptm/m/n/9 (+20) Intelligent IoT-
 []


Underfull \hbox (badness 10000) in paragraph at lines 58--58
\OT1/ptm/m/n/9 (+20) Enabled Real-Time
 []


Underfull \hbox (badness 10000) in paragraph at lines 58--58
\OT1/ptm/m/n/9 (+20) Mon-i-tor-ing Sys-tem
 []


Underfull \hbox (badness 5105) in paragraph at lines 58--58
\OT1/ptm/m/n/9 (+20) for Lo-gis-tics Man-
 []


Underfull \hbox (badness 10000) in paragraph at lines 59--59
[]\OT1/ptm/m/n/9 (+20) Logistics sys-tems
 []


Underfull \hbox (badness 10000) in paragraph at lines 59--59
\OT1/ptm/m/n/9 (+20) lack in-te-gra-tion and
 []


Underfull \hbox (badness 10000) in paragraph at lines 59--59
\OT1/ptm/m/n/9 (+20) real-time mon-i-tor-ing
 []


Underfull \hbox (badness 10000) in paragraph at lines 60--60
[]\OT1/ptm/m/n/9 (+20) Hybrid IoT-based
 []


Underfull \hbox (badness 10000) in paragraph at lines 60--60
\OT1/ptm/m/n/9 (+20) com-bin-ing sen-sors,
 []


Underfull \hbox (badness 10000) in paragraph at lines 60--60
\OT1/ptm/m/n/9 (+20) GPS, RFID, and
 []


Underfull \hbox (badness 3942) in paragraph at lines 60--60
\OT1/ptm/m/n/9 (+20) cloud an-a-lyt-ics for
 []


Underfull \hbox (badness 10000) in paragraph at lines 61--61
\OT1/ptm/m/n/9 (+20) of as-sets,
 []


Underfull \hbox (badness 1325) in paragraph at lines 61--61
\OT1/ptm/m/n/9 (+20) ve-hi-cles, and
 []


Underfull \hbox (badness 10000) in paragraph at lines 62--63
[]\OT1/ptm/m/n/9 (+20) Constrained by
 []


Underfull \hbox (badness 10000) in paragraph at lines 62--63
\OT1/ptm/m/n/9 (+20) lacks ad-vanced
 []


Underfull \hbox (badness 3158) in paragraph at lines 62--63
\OT1/ptm/m/n/9 (+20) AI for anomaly
 []


Underfull \hbox (badness 10000) in paragraph at lines 65--65
\OT1/ptm/m/n/9 (+20) Ve-hi-cle Mon-i-tor-ing
 []


Underfull \hbox (badness 4886) in paragraph at lines 67--67
\OT1/ptm/m/n/9 (+20) with cloud stor-age
 []


Underfull \hbox (badness 2343) in paragraph at lines 68--68
[]\OT1/ptm/m/n/9 (+20) Enabled real-
 []


Underfull \hbox (badness 10000) in paragraph at lines 68--68
\OT1/ptm/m/n/9 (+20) of lo-ca-tion,
 []


Underfull \hbox (badness 10000) in paragraph at lines 68--68
\OT1/ptm/m/n/9 (+20) speed, and
 []


Underfull \hbox (badness 10000) in paragraph at lines 68--68
\OT1/ptm/m/n/9 (+20) pas-sen-ger
 []


Underfull \hbox (badness 10000) in paragraph at lines 69--70
[]\OT1/ptm/m/n/9 (+20) Limited to in-
 []


Underfull \hbox (badness 10000) in paragraph at lines 69--70
\OT1/ptm/m/n/9 (+20) sti-tu-tional use;
 []


Underfull \hbox (badness 10000) in paragraph at lines 69--70
\OT1/ptm/m/n/9 (+20) lacks anomaly
 []


Underfull \hbox (badness 10000) in paragraph at lines 69--70
\OT1/ptm/m/n/9 (+20) de-tec-tion and
 []


Underfull \hbox (badness 10000) in paragraph at lines 69--70
\OT1/ptm/m/n/9 (+20) com-mer-cial
 []


Underfull \hbox (badness 5548) in paragraph at lines 72--72
[]\OT1/ptm/m/n/9 (+20) GPS-Based Ve-hi-cle
 []


Underfull \hbox (badness 1810) in paragraph at lines 72--72
\OT1/ptm/m/n/9 (+20) Track-ing and Theft
 []


Underfull \hbox (badness 7869) in paragraph at lines 72--72
\OT1/ptm/m/n/9 (+20) ing Google Cloud
 []


Underfull \hbox (badness 1838) in paragraph at lines 73--73
[]\OT1/ptm/m/n/9 (+20) Ineffective ve-hi-cle re-
 []


Underfull \hbox (badness 10000) in paragraph at lines 74--74
[]\OT1/ptm/m/n/9 (+20) Implemented GPS-
 []


Underfull \hbox (badness 5592) in paragraph at lines 74--74
\OT1/ptm/m/n/9 (+20) Google Cloud IoT
 []


Underfull \hbox (badness 2302) in paragraph at lines 74--74
\OT1/ptm/m/n/9 (+20) Core, MQTT, Fire-
 []


Underfull \hbox (badness 10000) in paragraph at lines 74--74
\OT1/ptm/m/n/9 (+20) base, and PWA
 []


Underfull \hbox (badness 2343) in paragraph at lines 75--75
[]\OT1/ptm/m/n/9 (+20) Enabled real-
 []


Underfull \hbox (badness 10000) in paragraph at lines 75--75
\OT1/ptm/m/n/9 (+20) time ve-hi-cle
 []


Underfull \hbox (badness 10000) in paragraph at lines 75--75
\OT1/ptm/m/n/9 (+20) de-tec-tion,
 []


Underfull \hbox (badness 10000) in paragraph at lines 75--75
\OT1/ptm/m/n/9 (+20) and re-mote
 []


Underfull \hbox (badness 10000) in paragraph at lines 76--77
\OT1/ptm/m/n/9 (+20) adap-ta-tion for
 []


Underfull \hbox (badness 6893) in paragraph at lines 79--79
[]\OT1/ptm/m/n/9 (+20) Fuel Quan-tity and
 []


Underfull \hbox (badness 10000) in paragraph at lines 79--79
\OT1/ptm/m/n/9 (+20) Au-to-mo-biles Us-ing
 []


Underfull \hbox (badness 3557) in paragraph at lines 81--81
\OT1/ptm/m/n/9 (+20) gauges and qual-ity
 []


Underfull \hbox (badness 10000) in paragraph at lines 82--82
[]\OT1/ptm/m/n/9 (+20) Achieved
 []


Underfull \hbox (badness 1552) in paragraph at lines 82--82
\OT1/ptm/m/n/9 (+20) ac-cu-rate real-
 []


Underfull \hbox (badness 1292) in paragraph at lines 82--82
\OT1/ptm/m/n/9 (+20) time quan-tity
 []


Underfull \hbox (badness 10000) in paragraph at lines 82--82
\OT1/ptm/m/n/9 (+20) and qual-ity
 []


Underfull \hbox (badness 10000) in paragraph at lines 86--86
[]\OT1/ptm/m/n/9 (+20) Fuel Con-sump-tion
 []


Underfull \hbox (badness 10000) in paragraph at lines 86--86
\OT1/ptm/m/n/9 (+20) Clas-si-fi-ca-tion for
 []


Underfull \hbox (badness 2717) in paragraph at lines 86--86
\OT1/ptm/m/n/9 (+20) [[][]Mum-cuoglu et al.,
 []


Underfull \hbox (badness 10000) in paragraph at lines 87--87
[]\OT1/ptm/m/n/9 (+20) Identifying ab-nor-mal
 []


Underfull \hbox (badness 1331) in paragraph at lines 87--87
\OT1/ptm/m/n/9 (+20) fuel con-sump-tion due
 []


Underfull \hbox (badness 1990) in paragraph at lines 87--87
\OT1/ptm/m/n/9 (+20) to driver be-hav-ior or
 []


Underfull \hbox (badness 10000) in paragraph at lines 88--88
[]\OT1/ptm/m/n/9 (+20) Machine learn-ing
 []


Underfull \hbox (badness 10000) in paragraph at lines 88--88
\OT1/ptm/m/n/9 (+20) con-sid-er-ing weight
 []


Underfull \hbox (badness 10000) in paragraph at lines 89--89
[]\OT1/ptm/m/n/9 (+20) 92.2% ac-
 []


Underfull \hbox (badness 10000) in paragraph at lines 89--89
\OT1/ptm/m/n/9 (+20) cu-racy; F1
 []


Underfull \hbox (badness 10000) in paragraph at lines 89--89
\OT1/ptm/m/n/9 (+20) score 0.78
 []


Underfull \hbox (badness 10000) in paragraph at lines 89--89
\OT1/ptm/m/n/9 (+20) for out-lier
 []


Underfull \hbox (badness 5726) in paragraph at lines 93--93
\OT1/ptm/m/n/9 (+20) & Theft De-tec-tion
 []


Underfull \hbox (badness 10000) in paragraph at lines 93--93
\OT1/ptm/m/n/9 (+20) Sys-tem [[][]Ko-mal
 []


Underfull \hbox (badness 2582) in paragraph at lines 93--93
\OT1/ptm/m/n/9 (+20) Shoukat Ali et al.,
 []


Underfull \hbox (badness 10000) in paragraph at lines 95--95
[]\OT1/ptm/m/n/9 (+20) Fuel sen-sors, Ar-
 []


Underfull \hbox (badness 2941) in paragraph at lines 95--95
\OT1/ptm/m/n/9 (+20) duino, GSM, GPS,
 []


Underfull \hbox (badness 10000) in paragraph at lines 95--95
\OT1/ptm/m/n/9 (+20) Lab-View for data
 []


Underfull \hbox (badness 10000) in paragraph at lines 96--96
[]\OT1/ptm/m/n/9 (+20) Real-time
 []


Underfull \hbox (badness 10000) in paragraph at lines 96--96
\OT1/ptm/m/n/9 (+20) mon-i-tor-ing,
 []


Underfull \hbox (badness 10000) in paragraph at lines 96--96
\OT1/ptm/m/n/9 (+20) alerts for
 []


Underfull \hbox (badness 2894) in paragraph at lines 97--98
[]\OT1/ptm/m/n/9 (+20) Tested on ba-sic
 []


Underfull \hbox (badness 3568) in paragraph at lines 97--98
\OT1/ptm/m/n/9 (+20) hard-ware; lacks
 []


Underfull \hbox (badness 2073) in paragraph at lines 97--98
\OT1/ptm/m/n/9 (+20) ad-vanced an-a-lyt-
 []


Underfull \hbox (badness 10000) in paragraph at lines 100--100
[]\OT1/ptm/m/n/9 (+20) Development of
 []


Underfull \hbox (badness 5147) in paragraph at lines 100--100
\OT1/ptm/m/n/9 (+20) an In-tel-li-gent Fuel
 []


Underfull \hbox (badness 10000) in paragraph at lines 100--100
\OT1/ptm/m/n/9 (+20) De-tec-tion Sys-tem
 []


Underfull \hbox (badness 3657) in paragraph at lines 101--101
\OT1/ptm/m/n/9 (+20) anoma-lies in hy-brid/-
 []


Underfull \hbox (badness 1308) in paragraph at lines 102--102
\OT1/ptm/m/n/9 (+20) GPS, GSM, buzzer,
 []


Underfull \hbox (badness 10000) in paragraph at lines 103--103
[]\OT1/ptm/m/n/9 (+20) Reliable
 []


Underfull \hbox (badness 10000) in paragraph at lines 103--103
\OT1/ptm/m/n/9 (+20) mon-i-tor-ing
 []


Underfull \hbox (badness 4254) in paragraph at lines 103--103
\OT1/ptm/m/n/9 (+20) and anomaly
 []


Underfull \hbox (badness 7869) in paragraph at lines 104--105
[]\OT1/ptm/m/n/9 (+20) Lacks ad-vanced
 []


Underfull \hbox (badness 10000) in paragraph at lines 104--105
\OT1/ptm/m/n/9 (+20) sen-sors for en-
 []


Underfull \hbox (badness 10000) in paragraph at lines 104--105
\OT1/ptm/m/n/9 (+20) hanced leak
 []


Underfull \hbox (badness 10000) in paragraph at lines 107--107
[]\OT1/ptm/m/n/9 (+20) Unsupervised Ma-
 []


Underfull \hbox (badness 10000) in paragraph at lines 107--107
\OT1/ptm/m/n/9 (+20) chine Learn-ing to
 []


Underfull \hbox (badness 10000) in paragraph at lines 107--107
\OT1/ptm/m/n/9 (+20) De-tect Im-pend-ing
 []


Underfull \hbox (badness 10000) in paragraph at lines 107--107
\OT1/ptm/m/n/9 (+20) Emis-sions [[][]Fortela
 []


Underfull \hbox (badness 1377) in paragraph at lines 108--108
\OT1/ptm/m/n/9 (+20) sions test-ing of light-
 []


Underfull \hbox (badness 10000) in paragraph at lines 109--109
[]\OT1/ptm/m/n/9 (+20) Unsupervised ML
 []


Underfull \hbox (badness 5490) in paragraph at lines 109--109
\OT1/ptm/m/n/9 (+20) meth-ods (PCA, K-
 []


Underfull \hbox (badness 10000) in paragraph at lines 109--109
\OT1/ptm/m/n/9 (+20) Means, SOM) on
 []


Underfull \hbox (badness 10000) in paragraph at lines 110--110
[]\OT1/ptm/m/n/9 (+20) Trend de-tec-
 []


Underfull \hbox (badness 2057) in paragraph at lines 110--110
\OT1/ptm/m/n/9 (+20) tion in large
 []


Underfull \hbox (badness 3769) in paragraph at lines 111--112
\OT1/ptm/m/n/9 (+20) time op-er-a-tional
 []


Underfull \hbox (badness 10000) in paragraph at lines 116--116
[]\OT1/ptm/m/n/9 (+15) Ultrasonic/capacitive
 []


Underfull \hbox (badness 10000) in paragraph at lines 116--116
\OT1/ptm/m/n/9 (+20) sen-sors, flow sen-
 []


Underfull \hbox (badness 10000) in paragraph at lines 116--116
\OT1/ptm/m/n/9 (+20) sors, GSM, GPS,
 []


Underfull \hbox (badness 10000) in paragraph at lines 116--116
\OT1/ptm/m/n/9 (+20) in-tel-li-gent theft
 []


Underfull \hbox (badness 5939) in paragraph at lines 121--121
[]\OT1/ptm/m/n/9 (+20) Design and Im-ple-
 []


Underfull \hbox (badness 1668) in paragraph at lines 121--121
\OT1/ptm/m/n/9 (+20) ing GPS Based on
 []


Underfull \hbox (badness 6125) in paragraph at lines 122--122
[]\OT1/ptm/m/n/9 (+20) Inefficient GPS-based
 []


Underfull \hbox (badness 6173) in paragraph at lines 123--123
\OT1/ptm/m/n/9 (+20) in-te-grated with se-
 []


Underfull \hbox (badness 4779) in paragraph at lines 124--124
\OT1/ptm/m/n/9 (+20) tion track-ing
 []


Underfull \hbox (badness 10000) in paragraph at lines 125--126
[]\OT1/ptm/m/n/9 (+20) Dependent on
 []


Underfull \hbox (badness 10000) in paragraph at lines 125--126
\OT1/ptm/m/n/9 (+20) GSM/GPS re-
 []


Underfull \hbox (badness 10000) in paragraph at lines 125--126
\OT1/ptm/m/n/9 (+20) li-a-bil-ity; lacks
 []


Underfull \hbox (badness 10000) in paragraph at lines 125--126
\OT1/ptm/m/n/9 (+20) IoT in-te-gra-tion
 []


Underfull \hbox (badness 10000) in paragraph at lines 125--126
\OT1/ptm/m/n/9 (+20) and anomaly
 []


Underfull \hbox (badness 10000) in paragraph at lines 130--130
[]\OT1/ptm/m/n/9 (+20) Fuel sen-sors and
 []


Underfull \hbox (badness 3735) in paragraph at lines 130--130
\OT1/ptm/m/n/9 (+20) GSM mod-ule with
 []


Underfull \hbox (badness 10000) in paragraph at lines 131--131
[]\OT1/ptm/m/n/9 (+20) Monitors
 []


Underfull \hbox (badness 2096) in paragraph at lines 131--131
\OT1/ptm/m/n/9 (+20) fuel, trig-gers
 []


Underfull \hbox (badness 10000) in paragraph at lines 131--131
\OT1/ptm/m/n/9 (+20) alarms, and
 []


Underfull \hbox (badness 10000) in paragraph at lines 131--131
\OT1/ptm/m/n/9 (+20) sends GPS
 []


Underfull \hbox (badness 10000) in paragraph at lines 132--133
[]\OT1/ptm/m/n/9 (+20) Basic sen-sors;
 []


Underfull \hbox (badness 10000) in paragraph at lines 132--133
\OT1/ptm/m/n/9 (+20) and an-a-lyt-ics
 []


Underfull \hbox (badness 10000) in paragraph at lines 132--133
\OT1/ptm/m/n/9 (+20) in com-plex
 []


Underfull \hbox (badness 10000) in paragraph at lines 135--135
[]\OT1/ptm/m/n/9 (+20) Interpretable Ma-
 []


Underfull \hbox (badness 10000) in paragraph at lines 135--135
\OT1/ptm/m/n/9 (+20) chine Learn-ing
 []


Underfull \hbox (badness 1728) in paragraph at lines 135--135
\OT1/ptm/m/n/9 (+20) Mod-els for Ve-hi-cle
 []


Underfull \hbox (badness 10000) in paragraph at lines 135--135
\OT1/ptm/m/n/9 (+20) Fuel Con-sump-tion
 []


Underfull \hbox (badness 10000) in paragraph at lines 136--136
[]\OT1/ptm/m/n/9 (+20) Detecting/explaining
 []


Underfull \hbox (badness 10000) in paragraph at lines 137--137
[]\OT1/ptm/m/n/9 (+20) Unsupervised
 []


Underfull \hbox (badness 10000) in paragraph at lines 137--137
\OT1/ptm/m/n/9 (+20) anomaly de-tec-tion
 []


Underfull \hbox (badness 10000) in paragraph at lines 137--137
\OT1/ptm/m/n/9 (+20) com-bined with
 []


Underfull \hbox (badness 10000) in paragraph at lines 138--138
[]\OT1/ptm/m/n/9 (+20) Up to 80%
 []


Underfull \hbox (badness 10000) in paragraph at lines 138--138
\OT1/ptm/m/n/9 (+20) anoma-lous
 []


Underfull \hbox (badness 10000) in paragraph at lines 138--138
\OT1/ptm/m/n/9 (+20) in-stances
 []


Underfull \hbox (badness 10000) in paragraph at lines 138--138
\OT1/ptm/m/n/9 (+20) ex-plained;
 []


Underfull \hbox (badness 6445) in paragraph at lines 138--138
\OT1/ptm/m/n/9 (+20) re-duc-tion up
 []


Underfull \hbox (badness 10000) in paragraph at lines 139--140
[]\OT1/ptm/m/n/9 (+20) Only an-a-lyzed
 []


Underfull \hbox (badness 10000) in paragraph at lines 139--140
\OT1/ptm/m/n/9 (+20) rel-e-vance; not
 []



File: figure/../format/dlsu_thesis_paper_letterhead.pdf Graphic file (type pdf)

<use figure/../format/dlsu_thesis_paper_letterhead.pdf>
Package pdftex.def Info: figure/../format/dlsu_thesis_paper_letterhead.pdf  use
d on input line 142.
(pdftex.def)             Requested size: 614.31223pt x 794.99231pt.
[6]
File: figure/../format/dlsu_thesis_paper_letterhead.pdf Graphic file (type pdf)

<use figure/../format/dlsu_thesis_paper_letterhead.pdf>
Package pdftex.def Info: figure/../format/dlsu_thesis_paper_letterhead.pdf  use
d on input line 142.
(pdftex.def)             Requested size: 614.31223pt x 794.99231pt.
 [7]

File: figure/../format/dlsu_thesis_paper_letterhead.pdf Graphic file (type pdf)

<use figure/../format/dlsu_thesis_paper_letterhead.pdf>
Package pdftex.def Info: figure/../format/dlsu_thesis_paper_letterhead.pdf  use
d on input line 155.
(pdftex.def)             Requested size: 614.31223pt x 794.99231pt.
[8]

File: figure/../format/dlsu_thesis_paper_letterhead.pdf Graphic file (type pdf)

<use figure/../format/dlsu_thesis_paper_letterhead.pdf>
Package pdftex.def Info: figure/../format/dlsu_thesis_paper_letterhead.pdf  use
d on input line 166.
(pdftex.def)             Requested size: 614.31223pt x 794.99231pt.
[9]

File: figure/../format/dlsu_thesis_paper_letterhead.pdf Graphic file (type pdf)

<use figure/../format/dlsu_thesis_paper_letterhead.pdf>
Package pdftex.def Info: figure/../format/dlsu_thesis_paper_letterhead.pdf  use
d on input line 181.
(pdftex.def)             Requested size: 614.31223pt x 794.99231pt.
[10]

File: figure/../format/dlsu_thesis_paper_letterhead.pdf Graphic file (type pdf)

<use figure/../format/dlsu_thesis_paper_letterhead.pdf>
Package pdftex.def Info: figure/../format/dlsu_thesis_paper_letterhead.pdf  use
d on input line 193.
(pdftex.def)             Requested size: 614.31223pt x 794.99231pt.
[11]
\clipboard {GO}{GO: To develop and evaluate an IoT-based system for trucks, in 
collaboration with the partner truck company Hino Parañaque Subic GS Auto Inc.
 (SGSA\glsadd {SGSA}), that monitors real-time fuel levels, tracks routes using
 GPS, and detects unusual fuel consumption using machine learning, with the goa
l of improving driver safety, supporting rest scheduling, and facilitating proa
ctive vehicle maintenance through automated alerts using fuel and distance metr
ics, based on established service guidelines.}


File: figure/../format/dlsu_thesis_paper_letterhead.pdf Graphic file (type pdf)

<use figure/../format/dlsu_thesis_paper_letterhead.pdf>
Package pdftex.def Info: figure/../format/dlsu_thesis_paper_letterhead.pdf  use
d on input line 210.
(pdftex.def)             Requested size: 614.31223pt x 794.99231pt.
[12]
\clipboard {SO1}{SO1: To measure fuel levels using digital float sensors integr
ated via the truck's ECU\glsadd {ECU}/diagnostic connector and GPS module, ensu
ring non-invasive installation and real-time accuracy within $\pm $5\%.}
\clipboard {SO2}{SO2: To transmit real-time fuel and GPS data through IoT-based
 communication to a cloud server, accessible through a centralized dashboard.}
\clipboard {SO3}{SO3: To capture and log GPS location data every 5 seconds via 
an embedded module, correlating route information with fuel and time data for b
ehavior tracking.}
\clipboard {SO4}{SO4: To design and evaluate a context-aware fuel usage deviati
on model using context-aware non-parametric machine learning models (Matrix Pro
file or Isolation Forest), achieving 90\% precision and 10\% false positives in
 identifying anomalous fuel consumption patterns within controlled environments
.}
\clipboard {SO5}{SO5: To develop and integrate hardware-based rest and maintena
nce alert mechanisms (e.g., Start/Stop button, buzzer indicators) tied to the w
eb dashboard using cumulative fuel and distance data.}

Underfull \hbox (badness 2165) in paragraph at lines 243--243
\OT1/ptm/m/n/9 (+20) the part-ner truck com-pany
 []


Underfull \hbox (badness 2277) in paragraph at lines 243--243
\OT1/ptm/m/n/9 (+20) Hino Para[]naque Subic GS
 []


Underfull \hbox (badness 3623) in paragraph at lines 243--243
\OT1/ptm/m/n/9 (+20) Auto Inc. (SGSA), that
 []


Underfull \hbox (badness 1708) in paragraph at lines 243--243
\OT1/ptm/m/n/9 (+20) schedul-ing, and fa-cil-i-tat-ing
 []


Underfull \hbox (badness 3735) in paragraph at lines 277--277
\OT1/ptm/m/n/9 (+20) a cloud server, ac-ces-si-ble
 []


Underfull \hbox (badness 1205) in paragraph at lines 277--277
\OT1/ptm/m/n/9 (+20) through a cen-tral-ized dash-
 []


Underfull \hbox (badness 1721) in paragraph at lines 287--287
[]\OT1/ptm/m/n/9 (+20) SO3: To cap-ture and log
 []


Underfull \hbox (badness 2035) in paragraph at lines 298--298
\OT1/ptm/m/n/9 (+20) age de-vi-a-tion model us-ing
 []



File: figure/../format/dlsu_thesis_paper_letterhead.pdf Graphic file (type pdf)

<use figure/../format/dlsu_thesis_paper_letterhead.pdf>
Package pdftex.def Info: figure/../format/dlsu_thesis_paper_letterhead.pdf  use
d on input line 319.
(pdftex.def)             Requested size: 614.31223pt x 794.99231pt.
[13]
File: figure/../format/dlsu_thesis_paper_letterhead.pdf Graphic file (type pdf)

<use figure/../format/dlsu_thesis_paper_letterhead.pdf>
Package pdftex.def Info: figure/../format/dlsu_thesis_paper_letterhead.pdf  use
d on input line 319.
(pdftex.def)             Requested size: 614.31223pt x 794.99231pt.
 [14]

File: figure/../format/dlsu_thesis_paper_letterhead.pdf Graphic file (type pdf)

<use figure/../format/dlsu_thesis_paper_letterhead.pdf>
Package pdftex.def Info: figure/../format/dlsu_thesis_paper_letterhead.pdf  use
d on input line 325.
(pdftex.def)             Requested size: 614.31223pt x 794.99231pt.
[15]

File: figure/../format/dlsu_thesis_paper_letterhead.pdf Graphic file (type pdf)

<use figure/../format/dlsu_thesis_paper_letterhead.pdf>
Package pdftex.def Info: figure/../format/dlsu_thesis_paper_letterhead.pdf  use
d on input line 336.
(pdftex.def)             Requested size: 614.31223pt x 794.99231pt.
[16]

File: figure/../format/dlsu_thesis_paper_letterhead.pdf Graphic file (type pdf)

<use figure/../format/dlsu_thesis_paper_letterhead.pdf>
Package pdftex.def Info: figure/../format/dlsu_thesis_paper_letterhead.pdf  use
d on input line 349.
(pdftex.def)             Requested size: 614.31223pt x 794.99231pt.
[17]

File: figure/../format/dlsu_thesis_paper_letterhead.pdf Graphic file (type pdf)

<use figure/../format/dlsu_thesis_paper_letterhead.pdf>
Package pdftex.def Info: figure/../format/dlsu_thesis_paper_letterhead.pdf  use
d on input line 370.
(pdftex.def)             Requested size: 614.31223pt x 794.99231pt.
[18]

File: figure/../format/dlsu_thesis_paper_letterhead.pdf Graphic file (type pdf)

<use figure/../format/dlsu_thesis_paper_letterhead.pdf>
Package pdftex.def Info: figure/../format/dlsu_thesis_paper_letterhead.pdf  use
d on input line 383.
(pdftex.def)             Requested size: 614.31223pt x 794.99231pt.
[19]

File: figure/../format/dlsu_thesis_paper_letterhead.pdf Graphic file (type pdf)

<use figure/../format/dlsu_thesis_paper_letterhead.pdf>
Package pdftex.def Info: figure/../format/dlsu_thesis_paper_letterhead.pdf  use
d on input line 405.
(pdftex.def)             Requested size: 614.31223pt x 794.99231pt.
[20]

File: figure/../format/dlsu_thesis_paper_letterhead.pdf Graphic file (type pdf)

<use figure/../format/dlsu_thesis_paper_letterhead.pdf>
Package pdftex.def Info: figure/../format/dlsu_thesis_paper_letterhead.pdf  use
d on input line 425.
(pdftex.def)             Requested size: 614.31223pt x 794.99231pt.
[21]

File: figure/../format/dlsu_thesis_paper_letterhead.pdf Graphic file (type pdf)

<use figure/../format/dlsu_thesis_paper_letterhead.pdf>
Package pdftex.def Info: figure/../format/dlsu_thesis_paper_letterhead.pdf  use
d on input line 445.
(pdftex.def)             Requested size: 614.31223pt x 794.99231pt.
[22]

File: figure/../format/dlsu_thesis_paper_letterhead.pdf Graphic file (type pdf)

<use figure/../format/dlsu_thesis_paper_letterhead.pdf>
Package pdftex.def Info: figure/../format/dlsu_thesis_paper_letterhead.pdf  use
d on input line 454.
(pdftex.def)             Requested size: 614.31223pt x 794.99231pt.
[23]

File: figure/../format/dlsu_thesis_paper_letterhead.pdf Graphic file (type pdf)

<use figure/../format/dlsu_thesis_paper_letterhead.pdf>
Package pdftex.def Info: figure/../format/dlsu_thesis_paper_letterhead.pdf  use
d on input line 462.
(pdftex.def)             Requested size: 614.31223pt x 794.99231pt.
[24]

File: figure/../format/dlsu_thesis_paper_letterhead.pdf Graphic file (type pdf)

<use figure/../format/dlsu_thesis_paper_letterhead.pdf>
Package pdftex.def Info: figure/../format/dlsu_thesis_paper_letterhead.pdf  use
d on input line 470.
(pdftex.def)             Requested size: 614.31223pt x 794.99231pt.
[25]
<figure/BARJA.png, id=1903, 1412.42682pt x 606.61632pt>
File: figure/BARJA.png Graphic file (type png)
<use figure/BARJA.png>
Package pdftex.def Info: figure/BARJA.png  used on input line 485.
(pdftex.def)             Requested size: 343.48299pt x 147.51617pt.
<figure/CASTELO.png, id=1904, 1412.42682pt x 643.203pt>
File: figure/CASTELO.png Graphic file (type png)
<use figure/CASTELO.png>
Package pdftex.def Info: figure/CASTELO.png  used on input line 492.
(pdftex.def)             Requested size: 343.48299pt x 156.41328pt.
<figure/DELAROSA.png, id=1905, 1412.42682pt x 551.51044pt>
File: figure/DELAROSA.png Graphic file (type png)
<use figure/DELAROSA.png>
Package pdftex.def Info: figure/DELAROSA.png  used on input line 499.
(pdftex.def)             Requested size: 343.48299pt x 134.1156pt.
<figure/MONTEMAYOR.png, id=1906, 1412.42682pt x 624.6838pt>
File: figure/MONTEMAYOR.png Graphic file (type png)
<use figure/MONTEMAYOR.png>
Package pdftex.def Info: figure/MONTEMAYOR.png  used on input line 506.
(pdftex.def)             Requested size: 343.48299pt x 151.9098pt.


File: figure/../format/dlsu_thesis_paper_letterhead.pdf Graphic file (type pdf)

<use figure/../format/dlsu_thesis_paper_letterhead.pdf>
Package pdftex.def Info: figure/../format/dlsu_thesis_paper_letterhead.pdf  use
d on input line 511.
(pdftex.def)             Requested size: 614.31223pt x 794.99231pt.
[26]

File: figure/../format/dlsu_thesis_paper_letterhead.pdf Graphic file (type pdf)

<use figure/../format/dlsu_thesis_paper_letterhead.pdf>
Package pdftex.def Info: figure/../format/dlsu_thesis_paper_letterhead.pdf  use
d on input line 511.
(pdftex.def)             Requested size: 614.31223pt x 794.99231pt.
[27 <./figure/BARJA.png> <./figure/CASTELO.png> <./figure/DELAROSA.png>]

File: figure/../format/dlsu_thesis_paper_letterhead.pdf Graphic file (type pdf)

<use figure/../format/dlsu_thesis_paper_letterhead.pdf>
Package pdftex.def Info: figure/../format/dlsu_thesis_paper_letterhead.pdf  use
d on input line 511.
(pdftex.def)             Requested size: 614.31223pt x 794.99231pt.
[28 <./figure/MONTEMAYOR.png>]
Underfull \hbox (badness 6758) in paragraph at lines 523--523
[]\OT1/ptm/b/n/9 (+20) Unit Cost
 []


Underfull \hbox (badness 1158) in paragraph at lines 523--523
[]\OT1/ptm/b/n/9 (+20) Total Cost
 []


Underfull \hbox (badness 6758) in paragraph at lines 528--528
[]\OT1/ptm/b/n/9 (+20) Unit Cost
 []


Underfull \hbox (badness 1158) in paragraph at lines 528--528
[]\OT1/ptm/b/n/9 (+20) Total Cost
 []


Underfull \hbox (badness 3977) in paragraph at lines 558--558
[]\OT1/ptm/m/n/9 (+20) Resistors (1x220 ohms,
 []



File: figure/../format/dlsu_thesis_paper_letterhead.pdf Graphic file (type pdf)

<use figure/../format/dlsu_thesis_paper_letterhead.pdf>
Package pdftex.def Info: figure/../format/dlsu_thesis_paper_letterhead.pdf  use
d on input line 583.
(pdftex.def)             Requested size: 614.31223pt x 794.99231pt.
[29

])

File: figure/../format/dlsu_thesis_paper_letterhead.pdf Graphic file (type pdf)

<use figure/../format/dlsu_thesis_paper_letterhead.pdf>
Package pdftex.def Info: figure/../format/dlsu_thesis_paper_letterhead.pdf  use
d on input line 235.
(pdftex.def)             Requested size: 614.31223pt x 794.99231pt.
[30]

File: figure/../format/dlsu_thesis_paper_letterhead.pdf Graphic file (type pdf)

<use figure/../format/dlsu_thesis_paper_letterhead.pdf>
Package pdftex.def Info: figure/../format/dlsu_thesis_paper_letterhead.pdf  use
d on input line 246.
(pdftex.def)             Requested size: 614.31223pt x 794.99231pt.
[31



]
\openout2 = `literature_review.aux'.

 (literature_review.tex
<figure/prisma.png, id=1936, 532.23843pt x 484.05844pt>
File: figure/prisma.png Graphic file (type png)
<use figure/prisma.png>
Package pdftex.def Info: figure/prisma.png  used on input line 5.
(pdftex.def)             Requested size: 343.48299pt x 312.39626pt.


File: figure/../format/dlsu_thesis_paper_letterhead.pdf Graphic file (type pdf)

<use figure/../format/dlsu_thesis_paper_letterhead.pdf>
Package pdftex.def Info: figure/../format/dlsu_thesis_paper_letterhead.pdf  use
d on input line 12.
(pdftex.def)             Requested size: 614.31223pt x 794.99231pt.
[32

 <./figure/prisma.png>]

File: figure/../format/dlsu_thesis_paper_letterhead.pdf Graphic file (type pdf)

<use figure/../format/dlsu_thesis_paper_letterhead.pdf>
Package pdftex.def Info: figure/../format/dlsu_thesis_paper_letterhead.pdf  use
d on input line 22.
(pdftex.def)             Requested size: 614.31223pt x 794.99231pt.
[33]

File: figure/../format/dlsu_thesis_paper_letterhead.pdf Graphic file (type pdf)

<use figure/../format/dlsu_thesis_paper_letterhead.pdf>
Package pdftex.def Info: figure/../format/dlsu_thesis_paper_letterhead.pdf  use
d on input line 28.
(pdftex.def)             Requested size: 614.31223pt x 794.99231pt.
[34]

File: figure/../format/dlsu_thesis_paper_letterhead.pdf Graphic file (type pdf)

<use figure/../format/dlsu_thesis_paper_letterhead.pdf>
Package pdftex.def Info: figure/../format/dlsu_thesis_paper_letterhead.pdf  use
d on input line 39.
(pdftex.def)             Requested size: 614.31223pt x 794.99231pt.
[35]

File: figure/../format/dlsu_thesis_paper_letterhead.pdf Graphic file (type pdf)

<use figure/../format/dlsu_thesis_paper_letterhead.pdf>
Package pdftex.def Info: figure/../format/dlsu_thesis_paper_letterhead.pdf  use
d on input line 50.
(pdftex.def)             Requested size: 614.31223pt x 794.99231pt.
[36]

File: figure/../format/dlsu_thesis_paper_letterhead.pdf Graphic file (type pdf)

<use figure/../format/dlsu_thesis_paper_letterhead.pdf>
Package pdftex.def Info: figure/../format/dlsu_thesis_paper_letterhead.pdf  use
d on input line 53.
(pdftex.def)             Requested size: 614.31223pt x 794.99231pt.
[37]

File: figure/../format/dlsu_thesis_paper_letterhead.pdf Graphic file (type pdf)

<use figure/../format/dlsu_thesis_paper_letterhead.pdf>
Package pdftex.def Info: figure/../format/dlsu_thesis_paper_letterhead.pdf  use
d on input line 62.
(pdftex.def)             Requested size: 614.31223pt x 794.99231pt.
[38]
Underfull \hbox (badness 10000) in paragraph at lines 90--90
[]\OT1/ptm/m/n/12 (+20) Network Ar-chi-tec-
 []


Underfull \hbox (badness 3343) in paragraph at lines 90--90
[]\OT1/ptm/m/n/12 (+20) Extensive broad ge-o-graph-i-cal
 []


Underfull \hbox (badness 10000) in paragraph at lines 90--90
[]\OT1/ptm/m/n/12 (+20) High-capacity and density-
 []


Underfull \hbox (badness 1226) in paragraph at lines 90--90
\OT1/ptm/m/n/12 (+20) closer prox-im-ity to mod-ern cell
 []

<figure/GlobeCoverage.png, id=2024, 337.02148pt x 485.85475pt>
File: figure/GlobeCoverage.png Graphic file (type png)
<use figure/GlobeCoverage.png>
Package pdftex.def Info: figure/GlobeCoverage.png  used on input line 95.
(pdftex.def)             Requested size: 364.95189pt x 526.14613pt.
<figure/SmartCoverage.png, id=2025, 347.03911pt x 484.42366pt>
File: figure/SmartCoverage.png Graphic file (type png)
<use figure/SmartCoverage.png>
Package pdftex.def Info: figure/SmartCoverage.png  used on input line 102.
(pdftex.def)             Requested size: 364.95189pt x 509.43597pt.


File: figure/../format/dlsu_thesis_paper_letterhead.pdf Graphic file (type pdf)

<use figure/../format/dlsu_thesis_paper_letterhead.pdf>
Package pdftex.def Info: figure/../format/dlsu_thesis_paper_letterhead.pdf  use
d on input line 107.
(pdftex.def)             Requested size: 614.31223pt x 794.99231pt.
[39]

File: figure/../format/dlsu_thesis_paper_letterhead.pdf Graphic file (type pdf)

<use figure/../format/dlsu_thesis_paper_letterhead.pdf>
Package pdftex.def Info: figure/../format/dlsu_thesis_paper_letterhead.pdf  use
d on input line 107.
(pdftex.def)             Requested size: 614.31223pt x 794.99231pt.
[40 <./figure/GlobeCoverage.png>]

File: figure/../format/dlsu_thesis_paper_letterhead.pdf Graphic file (type pdf)

<use figure/../format/dlsu_thesis_paper_letterhead.pdf>
Package pdftex.def Info: figure/../format/dlsu_thesis_paper_letterhead.pdf  use
d on input line 107.
(pdftex.def)             Requested size: 614.31223pt x 794.99231pt.
[41 <./figure/SmartCoverage.png>]

File: figure/../format/dlsu_thesis_paper_letterhead.pdf Graphic file (type pdf)

<use figure/../format/dlsu_thesis_paper_letterhead.pdf>
Package pdftex.def Info: figure/../format/dlsu_thesis_paper_letterhead.pdf  use
d on input line 107.
(pdftex.def)             Requested size: 614.31223pt x 794.99231pt.
[42]

File: figure/../format/dlsu_thesis_paper_letterhead.pdf Graphic file (type pdf)

<use figure/../format/dlsu_thesis_paper_letterhead.pdf>
Package pdftex.def Info: figure/../format/dlsu_thesis_paper_letterhead.pdf  use
d on input line 119.
(pdftex.def)             Requested size: 614.31223pt x 794.99231pt.
[43

]

File: figure/../format/dlsu_thesis_paper_letterhead.pdf Graphic file (type pdf)

<use figure/../format/dlsu_thesis_paper_letterhead.pdf>
Package pdftex.def Info: figure/../format/dlsu_thesis_paper_letterhead.pdf  use
d on input line 124.
(pdftex.def)             Requested size: 614.31223pt x 794.99231pt.
[44]

File: figure/../format/dlsu_thesis_paper_letterhead.pdf Graphic file (type pdf)

<use figure/../format/dlsu_thesis_paper_letterhead.pdf>
Package pdftex.def Info: figure/../format/dlsu_thesis_paper_letterhead.pdf  use
d on input line 130.
(pdftex.def)             Requested size: 614.31223pt x 794.99231pt.
[45]

File: figure/../format/dlsu_thesis_paper_letterhead.pdf Graphic file (type pdf)

<use figure/../format/dlsu_thesis_paper_letterhead.pdf>
Package pdftex.def Info: figure/../format/dlsu_thesis_paper_letterhead.pdf  use
d on input line 137.
(pdftex.def)             Requested size: 614.31223pt x 794.99231pt.
[46]

File: figure/../format/dlsu_thesis_paper_letterhead.pdf Graphic file (type pdf)

<use figure/../format/dlsu_thesis_paper_letterhead.pdf>
Package pdftex.def Info: figure/../format/dlsu_thesis_paper_letterhead.pdf  use
d on input line 141.
(pdftex.def)             Requested size: 614.31223pt x 794.99231pt.
[47]
Underfull \hbox (badness 10000) in paragraph at lines 159--159
[]\OT1/ptm/m/n/9 (+20) Tatababu et al.
 []


Underfull \hbox (badness 10000) in paragraph at lines 159--159
\OT1/ptm/m/n/9 (+20) (2024) [[][]Tatababu
 []


Underfull \hbox (badness 10000) in paragraph at lines 159--159
[]\OT1/ptm/m/n/9 (-11) Ultrasonic/Capacitive
 []


Underfull \hbox (badness 10000) in paragraph at lines 159--159
\OT1/ptm/m/n/9 (+20) Smart-phone/Web
 []


Underfull \hbox (badness 5475) in paragraph at lines 159--159
[]\OT1/ptm/m/n/9 (+20) Theft de-tec-tion, fuel
 []


Underfull \hbox (badness 10000) in paragraph at lines 159--159
[]\OT1/ptm/m/n/9 (+20) Accurate for re-
 []


Underfull \hbox (badness 10000) in paragraph at lines 159--159
\OT1/ptm/m/n/9 (+20) mote gen-er-a-tor
 []


Underfull \hbox (badness 2521) in paragraph at lines 159--159
\OT1/ptm/m/n/9 (+20) mon-i-tor-ing, GPS-
 []


Underfull \hbox (badness 10000) in paragraph at lines 161--161
[]\OT1/ptm/m/n/9 (+20) IoT, GPS, RFID,
 []


Underfull \hbox (badness 10000) in paragraph at lines 161--161
[]\OT1/ptm/m/n/9 (+20) High track-ing
 []


Underfull \hbox (badness 10000) in paragraph at lines 161--161
\OT1/ptm/m/n/9 (+20) re-spon-sive alert
 []


Underfull \hbox (badness 3769) in paragraph at lines 161--162
[]\OT1/ptm/m/n/9 (+20) Limited by hard-ware
 []


Underfull \hbox (badness 10000) in paragraph at lines 163--163
[]\OT1/ptm/m/n/9 (+20) Vigneshwaran et
 []


Underfull \hbox (badness 2951) in paragraph at lines 163--163
\OT1/ptm/m/n/9 (+20) al. (2020) [[][]Vi-g-
 []


Underfull \hbox (badness 10000) in paragraph at lines 163--163
\OT1/ptm/m/n/9 (+20) nesh-waran et al.,
 []


Underfull \hbox (badness 10000) in paragraph at lines 163--163
[]\OT1/ptm/m/n/9 (+20) Improves safety,
 []


Underfull \hbox (badness 10000) in paragraph at lines 163--163
\OT1/ptm/m/n/9 (+20) schedul-ing, and
 []


Underfull \hbox (badness 10000) in paragraph at lines 163--164
[]\OT1/ptm/m/n/9 (+20) Not highly scal-able;
 []


Underfull \hbox (badness 10000) in paragraph at lines 163--164
\OT1/ptm/m/n/9 (+20) lacks de-tailed in-te-
 []


Underfull \hbox (badness 6741) in paragraph at lines 163--164
\OT1/ptm/m/n/9 (+20) gra-tion with mod-ern
 []


Underfull \hbox (badness 10000) in paragraph at lines 165--165
\OT1/ptm/m/n/9 (+20) [[][]Patil and Patil,
 []


Underfull \hbox (badness 1742) in paragraph at lines 165--165
[]\OT1/ptm/m/n/9 (+20) Tracking sys-tem with
 []


Underfull \hbox (badness 10000) in paragraph at lines 165--165
[]\OT1/ptm/m/n/9 (+20) Comprehensive
 []


Underfull \hbox (badness 10000) in paragraph at lines 165--165
\OT1/ptm/m/n/9 (+20) ve-hi-cle se-cu-rity,
 []


Underfull \hbox (badness 10000) in paragraph at lines 165--165
\OT1/ptm/m/n/9 (+20) real-time alerts,
 []


Underfull \hbox (badness 10000) in paragraph at lines 165--165
\OT1/ptm/m/n/9 (+20) de-tec-tion of
 []


Underfull \hbox (badness 10000) in paragraph at lines 165--166
[]\OT1/ptm/m/n/9 (+20) Low adapt-abil-ity to
 []


Underfull \hbox (badness 4416) in paragraph at lines 165--166
\OT1/ptm/m/n/9 (+20) harsh con-di-tions like
 []


Underfull \hbox (badness 10000) in paragraph at lines 167--167
[]\OT1/ptm/m/n/9 (+20) Unsupervised Ma-
 []


Underfull \hbox (badness 1337) in paragraph at lines 167--167
[]\OT1/ptm/m/n/9 (+20) Detects hid-den trends
 []


Underfull \hbox (badness 1057) in paragraph at lines 167--167
\OT1/ptm/m/n/9 (+20) lies; an-a-lyzes cor-re-la-
 []


Underfull \hbox (badness 2181) in paragraph at lines 167--167
[]\OT1/ptm/m/n/9 (+20) Effectively iden-ti-
 []


Underfull \hbox (badness 10000) in paragraph at lines 167--167
\OT1/ptm/m/n/9 (+20) fies non-obvious
 []


Underfull \hbox (badness 10000) in paragraph at lines 167--167
\OT1/ptm/m/n/9 (+20) pat-terns within
 []


Underfull \hbox (badness 10000) in paragraph at lines 167--167
\OT1/ptm/m/n/9 (+20) flaws in stan-
 []


Underfull \hbox (badness 10000) in paragraph at lines 167--167
\OT1/ptm/m/n/9 (+20) dard-ized test-ing
 []


Underfull \hbox (badness 3780) in paragraph at lines 167--168
\OT1/ptm/m/n/9 (+20) ve-hi-cle data; con-clu-
 []


Underfull \hbox (badness 10000) in paragraph at lines 169--169
[]\OT1/ptm/m/n/9 (+20) Unsupervised
 []


Underfull \hbox (badness 2035) in paragraph at lines 169--169
\OT1/ptm/m/n/9 (+20) Anomaly De-tec-tion;
 []


Underfull \hbox (badness 1242) in paragraph at lines 169--169
\OT1/ptm/m/n/9 (+20) ity via XAI met-
 []


Underfull \hbox (badness 10000) in paragraph at lines 169--170
[]\OT1/ptm/m/n/9 (+20) Performance de-pends
 []


Underfull \hbox (badness 10000) in paragraph at lines 169--170
\OT1/ptm/m/n/9 (+20) heav-ily on qual-ity
 []


Underfull \hbox (badness 2261) in paragraph at lines 169--170
\OT1/ptm/m/n/9 (+20) of telem-at-ics data or
 []


Underfull \hbox (badness 10000) in paragraph at lines 171--171
[]\OT1/ptm/m/n/9 (+20) Self-Organizing
 []


Underfull \hbox (badness 1038) in paragraph at lines 173--173
[]\OT1/ptm/m/n/9 (+20) Ensemble of iso-la-tion
 []


Underfull \hbox (badness 10000) in paragraph at lines 173--173
\OT1/ptm/m/n/9 (+20) trees that iden-tify
 []


Underfull \hbox (badness 10000) in paragraph at lines 173--173
\OT1/ptm/m/n/9 (+20) anoma-lies through
 []


Underfull \hbox (badness 10000) in paragraph at lines 173--173
[]\OT1/ptm/m/n/9 (+20) Non-parametric
 []


Underfull \hbox (badness 10000) in paragraph at lines 173--173
\OT1/ptm/m/n/9 (+20) with linear-time
 []


Underfull \hbox (badness 10000) in paragraph at lines 173--173
\OT1/ptm/m/n/9 (+20) com-plex-ity and
 []


Underfull \hbox (badness 10000) in paragraph at lines 173--173
\OT1/ptm/m/n/9 (+20) low mem-ory
 []


Underfull \hbox (badness 7925) in paragraph at lines 173--174
[]\OT1/ptm/m/n/9 (+20) No la-beled data re-
 []


Underfull \hbox (badness 10000) in paragraph at lines 175--175
[]\OT1/ptm/m/n/9 (+20) Matrix Pro-file
 []


Underfull \hbox (badness 10000) in paragraph at lines 175--175
[]\OT1/ptm/m/n/9 (+20) Z-normalized nearest-
 []


Underfull \hbox (badness 10000) in paragraph at lines 175--175
\OT1/ptm/m/n/9 (+20) neighbor sim-i-lar-ity
 []


Underfull \hbox (badness 2165) in paragraph at lines 175--175
\OT1/ptm/m/n/9 (+20) pro-file for mo-tif and
 []


Underfull \hbox (badness 2027) in paragraph at lines 175--175
\OT1/ptm/m/n/9 (+20) with min-i-mal pa-
 []


Underfull \hbox (badness 10000) in paragraph at lines 175--176
[]\OT1/ptm/m/n/9 (+20) Deterministic, in-ter-
 []


Underfull \hbox (badness 10000) in paragraph at lines 175--176
\OT1/ptm/m/n/9 (+20) pretable, and near
 []


Underfull \hbox (badness 10000) in paragraph at lines 177--177
[]\OT1/ptm/m/n/9 (+20) DAMP Stream-ing
 []


Underfull \hbox (badness 1648) in paragraph at lines 177--177
\OT1/ptm/m/n/9 (+20) com-pu-ta-tion for high-
 []


Underfull \hbox (badness 10000) in paragraph at lines 179--179
[]\OT1/ptm/m/n/9 (+20) Multidimensional
 []


Underfull \hbox (badness 10000) in paragraph at lines 179--179
[]\OT1/ptm/m/n/9 (+20) Extension of Ma-trix
 []


Underfull \hbox (badness 10000) in paragraph at lines 179--179
\OT1/ptm/m/n/9 (+20) time-series anomaly
 []


Underfull \hbox (badness 10000) in paragraph at lines 179--180
[]\OT1/ptm/m/n/9 (+20) Competitive per-for-
 []


Underfull \hbox (badness 10000) in paragraph at lines 179--180
\OT1/ptm/m/n/9 (+20) highly in-ter-pretable
 []


Underfull \hbox (badness 10000) in paragraph at lines 181--181
[]\OT1/ptm/m/n/9 (+20) Comprehensive re-
 []


Underfull \hbox (badness 10000) in paragraph at lines 181--181
\OT1/ptm/m/n/9 (+20) view and tax-on-omy
 []


Underfull \hbox (badness 3058) in paragraph at lines 181--181
\OT1/ptm/m/n/9 (+20) of anomaly de-tec-tion
 []


Underfull \hbox (badness 10000) in paragraph at lines 181--181
[]\OT1/ptm/m/n/9 (+20) Defines anomaly
 []


Underfull \hbox (badness 2189) in paragraph at lines 181--181
\OT1/ptm/m/n/9 (+20) de-tec-tion in mul-
 []


Underfull \hbox (badness 10000) in paragraph at lines 181--181
\OT1/ptm/m/n/9 (+20) ti-vari-ate truck
 []


Underfull \hbox (badness 1033) in paragraph at lines 181--182
\OT1/ptm/m/n/9 (+20) in-sights and iden-ti-fies
 []


Underfull \hbox (badness 4556) in paragraph at lines 183--183
\OT1/ptm/m/n/9 (+20) tive CAN-bus sen-sor
 []


Underfull \hbox (badness 10000) in paragraph at lines 183--184
[]\OT1/ptm/m/n/9 (+20) Effective for OBD-
 []


Underfull \hbox (badness 3058) in paragraph at lines 183--184
\OT1/ptm/m/n/9 (+20) ments and em-bed-ded
 []

File: figure/../format/dlsu_thesis_paper_letterhead.pdf Graphic file (type pdf)

<use figure/../format/dlsu_thesis_paper_letterhead.pdf>
Package pdftex.def Info: figure/../format/dlsu_thesis_paper_letterhead.pdf  use
d on input line 185.
(pdftex.def)             Requested size: 614.31223pt x 794.99231pt.
[48]
File: figure/../format/dlsu_thesis_paper_letterhead.pdf Graphic file (type pdf)

<use figure/../format/dlsu_thesis_paper_letterhead.pdf>
Package pdftex.def Info: figure/../format/dlsu_thesis_paper_letterhead.pdf  use
d on input line 185.
(pdftex.def)             Requested size: 614.31223pt x 794.99231pt.
 [49]

File: figure/../format/dlsu_thesis_paper_letterhead.pdf Graphic file (type pdf)

<use figure/../format/dlsu_thesis_paper_letterhead.pdf>
Package pdftex.def Info: figure/../format/dlsu_thesis_paper_letterhead.pdf  use
d on input line 189.
(pdftex.def)             Requested size: 614.31223pt x 794.99231pt.
[50]
Underfull \hbox (badness 10000) in paragraph at lines 218--218
[]\OT1/ptm/b/n/12 (+20) ML for
 []


Underfull \hbox (badness 10000) in paragraph at lines 218--218
\OT1/ptm/b/n/12 (+20) Fuel
 []


Underfull \hbox (badness 10000) in paragraph at lines 218--218
\OT1/ptm/b/n/12 (+20) Anoma-
 []


Underfull \hbox (badness 10000) in paragraph at lines 218--218
[]\OT1/ptm/m/n/12 (+20) Geotab
 []


Underfull \hbox (badness 10000) in paragraph at lines 218--218
\OT1/ptm/m/n/12 (+20) [[][]Geotab,
 []


Underfull \hbox (badness 10000) in paragraph at lines 218--218
[]\OT1/ptm/m/n/12 (+20) OBD/telematics
 []


Underfull \hbox (badness 10000) in paragraph at lines 218--218
[]\OT1/ptm/m/n/12 (+20) Fuel-up records
 []


Underfull \hbox (badness 3260) in paragraph at lines 218--218
\OT1/ptm/m/n/12 (+20) and en-gine data
 []


Underfull \hbox (badness 10000) in paragraph at lines 218--218
[]\OT1/ptm/m/n/12 (+20) No (rule
 []


Underfull \hbox (badness 10000) in paragraph at lines 218--218
\OT1/ptm/m/n/12 (+20) pur-chase greater
 []


Underfull \hbox (badness 1067) in paragraph at lines 218--218
\OT1/ptm/m/n/12 (+20) than ca-pac-ity, and
 []


Underfull \hbox (badness 10000) in paragraph at lines 218--218
[]\OT1/ptm/m/n/12 (+20) Transaction-rule
 []


Underfull \hbox (badness 10000) in paragraph at lines 218--218
[]\OT1/ptm/m/n/12 (+20) Samsara
 []


Underfull \hbox (badness 10000) in paragraph at lines 218--218
\OT1/ptm/m/n/12 (+20) [[][]Sam-sara,
 []


Underfull \hbox (badness 10000) in paragraph at lines 218--218
[]\OT1/ptm/m/n/12 (+20) Telematics
 []


Underfull \hbox (badness 10000) in paragraph at lines 218--218
\OT1/ptm/m/n/12 (+20) gate-way, fuel
 []


Underfull \hbox (badness 10000) in paragraph at lines 218--218
[]\OT1/ptm/m/n/12 (+20) Real-time fuel
 []


Underfull \hbox (badness 5077) in paragraph at lines 218--218
\OT1/ptm/m/n/12 (+20) level and us-age
 []


Underfull \hbox (badness 10000) in paragraph at lines 218--218
[]\OT1/ptm/m/n/12 (+20) Configurable
 []


Underfull \hbox (badness 10000) in paragraph at lines 218--218
\OT1/ptm/m/n/12 (+20) sudden-drop alert
 []


Underfull \hbox (badness 10000) in paragraph at lines 218--218
[]\OT1/ptm/m/n/12 (+20) Static thresh-old;
 []


Underfull \hbox (badness 10000) in paragraph at lines 218--218
\OT1/ptm/m/n/12 (+20) blind to grad-ual
 []


Underfull \hbox (badness 5147) in paragraph at lines 218--218
\OT1/ptm/m/n/12 (+20) lo-ca-tion mis-match
 []


Underfull \hbox (badness 10000) in paragraph at lines 218--218
[]\OT1/ptm/m/n/12 (+20) Sees only fill-up
 []


Underfull \hbox (badness 10000) in paragraph at lines 218--218
[]\OT1/ptm/m/n/12 (+20) Wialon
 []


Underfull \hbox (badness 10000) in paragraph at lines 218--218
\OT1/ptm/m/n/12 (+20) [[][]Wialon,
 []


Underfull \hbox (badness 10000) in paragraph at lines 218--218
[]\OT1/ptm/m/n/12 (+20) Sensor-threshold
 []


Underfull \hbox (badness 4739) in paragraph at lines 218--218
\OT1/ptm/m/n/12 (+20) drain events with
 []


Underfull \hbox (badness 6412) in paragraph at lines 218--218
\OT1/ptm/m/n/12 (+20) man-u-ally re-viewed;
 []


Underfull \hbox (badness 10000) in paragraph at lines 218--218
[]\OT1/ptm/m/n/12 (+20) Fleet Com-
 []


Underfull \hbox (badness 6510) in paragraph at lines 218--218
\OT1/ptm/m/n/12 (+20) plete [[][]Fleet
 []


Underfull \hbox (badness 10000) in paragraph at lines 218--218
\OT1/ptm/m/n/12 (+20) Com-plete,
 []


Underfull \hbox (badness 7064) in paragraph at lines 218--218
[]\OT1/ptm/m/n/12 (+20) Fuel us-age and
 []


Underfull \hbox (badness 10000) in paragraph at lines 218--218
[]\OT1/ptm/m/n/12 (+20) No spec-
 []


Underfull \hbox (badness 10000) in paragraph at lines 218--218
\OT1/ptm/m/n/12 (+20) i-fied
 []


Underfull \hbox (badness 10000) in paragraph at lines 218--218
\OT1/ptm/m/n/12 (+20) adap-tive
 []


Underfull \hbox (badness 10000) in paragraph at lines 218--218
[]\OT1/ptm/m/n/12 (+20) Reporting-based
 []


Underfull \hbox (badness 1308) in paragraph at lines 218--218
\OT1/ptm/m/n/12 (+20) tive anomaly de-tec-
 []


Underfull \hbox (badness 1867) in paragraph at lines 218--218
[]\OT1/ptm/m/n/12 (+20) Drain/refill event
 []


Underfull \hbox (badness 10000) in paragraph at lines 218--218
[]\OT1/ptm/m/n/12 (+20) Per-sensor rate-
 []


Underfull \hbox (badness 10000) in paragraph at lines 218--218
\OT1/ptm/m/n/12 (+20) of-change drain
 []


Underfull \hbox (badness 3375) in paragraph at lines 218--218
\OT1/ptm/m/n/12 (+20) thresh-olds; op-tion
 []


Underfull \hbox (badness 2269) in paragraph at lines 218--218
[]\OT1/ptm/m/n/12 (+20) Manual tun-ing; in-
 []



File: figure/../format/dlsu_thesis_paper_letterhead.pdf Graphic file (type pdf)

<use figure/../format/dlsu_thesis_paper_letterhead.pdf>
Package pdftex.def Info: figure/../format/dlsu_thesis_paper_letterhead.pdf  use
d on input line 221.
(pdftex.def)             Requested size: 614.31223pt x 794.99231pt.
[51

]

File: figure/../format/dlsu_thesis_paper_letterhead.pdf Graphic file (type pdf)

<use figure/../format/dlsu_thesis_paper_letterhead.pdf>
Package pdftex.def Info: figure/../format/dlsu_thesis_paper_letterhead.pdf  use
d on input line 221.
(pdftex.def)             Requested size: 614.31223pt x 794.99231pt.
[52]

File: figure/../format/dlsu_thesis_paper_letterhead.pdf Graphic file (type pdf)

<use figure/../format/dlsu_thesis_paper_letterhead.pdf>
Package pdftex.def Info: figure/../format/dlsu_thesis_paper_letterhead.pdf  use
d on input line 228.
(pdftex.def)             Requested size: 614.31223pt x 794.99231pt.
[53

]
Underfull \hbox (badness 10000) in paragraph at lines 248--249
[]\OT1/ptm/m/n/9 (+20) (SO4) To de-sign and
 []


Underfull \hbox (badness 3009) in paragraph at lines 248--249
\OT1/ptm/m/n/9 (+20) eval-u-ate a context-aware
 []


Underfull \hbox (badness 10000) in paragraph at lines 248--249
\OT1/ptm/m/n/9 (+20) fuel us-age de-vi-a-tion
 []


Underfull \hbox (badness 10000) in paragraph at lines 248--249
\OT1/ptm/m/n/9 (+20) non-parametric ma-chine
 []


Underfull \hbox (badness 4805) in paragraph at lines 248--249
\OT1/ptm/m/n/9 (+20) learn-ing mod-els (Ma-trix
 []


Underfull \hbox (badness 2903) in paragraph at lines 248--249
\OT1/ptm/m/n/9 (+20) achiev-ing 90% pre-ci-sion
 []


Underfull \hbox (badness 2856) in paragraph at lines 248--249
\OT1/ptm/m/n/9 (+20) and 10% false pos-i-tives
 []


Underfull \hbox (badness 1769) in paragraph at lines 248--249
\OT1/ptm/m/n/9 (+20) in iden-ti-fy-ing anoma-lous
 []


Underfull \hbox (badness 10000) in paragraph at lines 248--249
\OT1/ptm/m/n/9 (+20) fuel con-sump-tion pat-
 []


Underfull \hbox (badness 10000) in paragraph at lines 248--249
\OT1/ptm/m/n/9 (+20) terns within con-trolled
 []


Underfull \hbox (badness 10000) in paragraph at lines 251--251
\OT1/ptm/m/n/9 (+20) anoma-lies; com-bined box-
 []


Underfull \hbox (badness 10000) in paragraph at lines 251--251
\OT1/ptm/m/n/9 (+20) plot/IQR pre-filtering with
 []


Underfull \hbox (badness 1688) in paragraph at lines 251--251
\OT1/ptm/m/n/9 (+20) + OBD-II + multi-channel-
 []


Underfull \hbox (badness 2376) in paragraph at lines 251--251
\OT1/ptm/m/n/9 (+20) communication + live-alert
 []


Underfull \hbox (badness 10000) in paragraph at lines 251--252
[]\OT1/ptm/m/n/9 (+20) This the-sis in-te-grates
 []


Underfull \hbox (badness 7012) in paragraph at lines 251--252
\OT1/ptm/m/n/9 (+20) OBD-II fuel ac-qui-si-tion
 []


Underfull \hbox (badness 10000) in paragraph at lines 251--252
\OT1/ptm/m/n/9 (+20) (Toy-ota Mode 22 PID
 []


Underfull \hbox (badness 5064) in paragraph at lines 251--252
\OT1/ptm/m/n/9 (+20) 21/29), em-bed-ded HMI,
 []


Underfull \hbox (badness 10000) in paragraph at lines 251--252
\OT1/ptm/m/n/9 (+20) com-mu-ni-ca-tion fall-back,
 []


Underfull \hbox (badness 1968) in paragraph at lines 251--252
\OT1/ptm/m/n/9 (+20) aware anomaly de-tec-tion
 []


Underfull \hbox (badness 4217) in paragraph at lines 251--252
\OT1/ptm/m/n/9 (+20) (IF Model C + Ma-trix
 []


Underfull \hbox (badness 3746) in paragraph at lines 251--252
\OT1/ptm/m/n/9 (+20) Pro-file) in one work-ing
 []


Underfull \hbox (badness 8038) in paragraph at lines 254--254
\OT1/ptm/m/n/9 (+20) pre-hen-sive sys-tem
 []


Underfull \hbox (badness 10000) in paragraph at lines 254--254
\OT1/ptm/m/n/9 (+20) in-te-grat-ing fuel
 []


Underfull \hbox (badness 6641) in paragraph at lines 254--254
\OT1/ptm/m/n/9 (+20) anomaly de-tec-tion
 []


Underfull \hbox (badness 10000) in paragraph at lines 254--254
\OT1/ptm/m/n/9 (+20) with GPS-based
 []


Underfull \hbox (badness 3118) in paragraph at lines 254--254
\OT1/ptm/m/n/9 (+20) track-ing, and pre-
 []


Underfull \hbox (badness 1635) in paragraph at lines 254--255
\OT1/ptm/m/n/9 (+20) ule, cor-re-lat-ing route in-
 []


Underfull \hbox (badness 2556) in paragraph at lines 254--255
\OT1/ptm/m/n/9 (+20) for-ma-tion with fuel and
 []


Underfull \hbox (badness 3668) in paragraph at lines 254--255
\OT1/ptm/m/n/9 (+20) velop and in-te-grate rest
 []


Underfull \hbox (badness 1163) in paragraph at lines 257--257
\OT1/ptm/m/n/9 (+20) fuel fraud costs [[][]Japan In-ter-
 []


Underfull \hbox (badness 1648) in paragraph at lines 257--257
\OT1/ptm/m/n/9 (+20) na-tional Co-op-er-a-tion Agency,
 []


Underfull \hbox (badness 10000) in paragraph at lines 257--257
[]\OT1/ptm/m/n/9 (+20) Models may mis-clas-sify
 []


Underfull \hbox (badness 5924) in paragraph at lines 257--257
\OT1/ptm/m/n/9 (+20) con-sump-tion as anoma-lies
 []


Underfull \hbox (badness 6493) in paragraph at lines 257--257
\OT1/ptm/m/n/9 (+20) when Philip-pine op-er-at-ing
 []


Underfull \hbox (badness 4608) in paragraph at lines 257--258
[]\OT1/ptm/m/n/9 (+20) (GO, SO4) Col-lect and
 []


Underfull \hbox (badness 1248) in paragraph at lines 257--258
\OT1/ptm/m/n/9 (+20) train on op-er-a-tional data
 []


Underfull \hbox (badness 1596) in paragraph at lines 260--260
[]\OT1/ptm/m/n/9 (+20) Commercial sys-tems use sin-
 []


Underfull \hbox (badness 1715) in paragraph at lines 260--260
[]\OT1/ptm/m/n/9 (+20) Shared thresh-old-ing can-not
 []


Underfull \hbox (badness 4660) in paragraph at lines 260--261
[]\OT1/ptm/m/n/9 (+20) (SO4) Learn per-vehicle
 []


Underfull \hbox (badness 1546) in paragraph at lines 260--261
\OT1/ptm/m/n/9 (+20) each truck's own op-er-at-
 []


Underfull \hbox (badness 1960) in paragraph at lines 263--264
[]\OT1/ptm/m/n/9 (+20) (SO4) Ap-ply the Ma-trix
 []


Underfull \hbox (badness 10000) in paragraph at lines 263--264
\OT1/ptm/m/n/9 (+20) Pro-file for anomalous-
 []


Underfull \hbox (badness 10000) in paragraph at lines 263--264
\OT1/ptm/m/n/9 (+20) subsequence or dis-cord
 []


Underfull \hbox (badness 6125) in paragraph at lines 266--266
\OT1/ptm/m/n/9 (+20) 2023[][], [][]Bar-bado and Cor-cho,
 []


Underfull \hbox (badness 3907) in paragraph at lines 266--266
\OT1/ptm/m/n/9 (+20) 2022[][]]; deep mod-els bur-den
 []


Underfull \hbox (badness 3668) in paragraph at lines 266--266
\OT1/ptm/m/n/9 (+20) streams [[][]Hirth et al., 2025[][],
 []


Underfull \hbox (badness 1354) in paragraph at lines 266--266
\OT1/ptm/m/n/9 (+20) alert de-liv-ery across op-er-a-
 []

File: figure/../format/dlsu_thesis_paper_letterhead.pdf Graphic file (type pdf)

<use figure/../format/dlsu_thesis_paper_letterhead.pdf>
Package pdftex.def Info: figure/../format/dlsu_thesis_paper_letterhead.pdf  use
d on input line 269.
(pdftex.def)             Requested size: 614.31223pt x 794.99231pt.
[54]
File: figure/../format/dlsu_thesis_paper_letterhead.pdf Graphic file (type pdf)

<use figure/../format/dlsu_thesis_paper_letterhead.pdf>
Package pdftex.def Info: figure/../format/dlsu_thesis_paper_letterhead.pdf  use
d on input line 269.
(pdftex.def)             Requested size: 614.31223pt x 794.99231pt.
 [55]

File: figure/../format/dlsu_thesis_paper_letterhead.pdf Graphic file (type pdf)

<use figure/../format/dlsu_thesis_paper_letterhead.pdf>
Package pdftex.def Info: figure/../format/dlsu_thesis_paper_letterhead.pdf  use
d on input line 273.
(pdftex.def)             Requested size: 614.31223pt x 794.99231pt.
[56])

File: figure/../format/dlsu_thesis_paper_letterhead.pdf Graphic file (type pdf)

<use figure/../format/dlsu_thesis_paper_letterhead.pdf>
Package pdftex.def Info: figure/../format/dlsu_thesis_paper_letterhead.pdf  use
d on input line 246.
(pdftex.def)             Requested size: 614.31223pt x 794.99231pt.
[57

]

File: figure/../format/dlsu_thesis_paper_letterhead.pdf Graphic file (type pdf)

<use figure/../format/dlsu_thesis_paper_letterhead.pdf>
Package pdftex.def Info: figure/../format/dlsu_thesis_paper_letterhead.pdf  use
d on input line 246.
(pdftex.def)             Requested size: 614.31223pt x 794.99231pt.
[58]

File: figure/../format/dlsu_thesis_paper_letterhead.pdf Graphic file (type pdf)

<use figure/../format/dlsu_thesis_paper_letterhead.pdf>
Package pdftex.def Info: figure/../format/dlsu_thesis_paper_letterhead.pdf  use
d on input line 258.
(pdftex.def)             Requested size: 614.31223pt x 794.99231pt.
[59



]
\openout2 = `theoretical_considerations.aux'.

 (theoretical_considerations.tex

File: figure/../format/dlsu_thesis_paper_letterhead.pdf Graphic file (type pdf)

<use figure/../format/dlsu_thesis_paper_letterhead.pdf>
Package pdftex.def Info: figure/../format/dlsu_thesis_paper_letterhead.pdf  use
d on input line 14.
(pdftex.def)             Requested size: 614.31223pt x 794.99231pt.
[60

]

File: figure/../format/dlsu_thesis_paper_letterhead.pdf Graphic file (type pdf)

<use figure/../format/dlsu_thesis_paper_letterhead.pdf>
Package pdftex.def Info: figure/../format/dlsu_thesis_paper_letterhead.pdf  use
d on input line 36.
(pdftex.def)             Requested size: 614.31223pt x 794.99231pt.
[61]

File: figure/../format/dlsu_thesis_paper_letterhead.pdf Graphic file (type pdf)

<use figure/../format/dlsu_thesis_paper_letterhead.pdf>
Package pdftex.def Info: figure/../format/dlsu_thesis_paper_letterhead.pdf  use
d on input line 43.
(pdftex.def)             Requested size: 614.31223pt x 794.99231pt.
[62]

File: figure/../format/dlsu_thesis_paper_letterhead.pdf Graphic file (type pdf)

<use figure/../format/dlsu_thesis_paper_letterhead.pdf>
Package pdftex.def Info: figure/../format/dlsu_thesis_paper_letterhead.pdf  use
d on input line 77.
(pdftex.def)             Requested size: 614.31223pt x 794.99231pt.
[63]

File: figure/../format/dlsu_thesis_paper_letterhead.pdf Graphic file (type pdf)

<use figure/../format/dlsu_thesis_paper_letterhead.pdf>
Package pdftex.def Info: figure/../format/dlsu_thesis_paper_letterhead.pdf  use
d on input line 90.
(pdftex.def)             Requested size: 614.31223pt x 794.99231pt.
[64]

File: figure/../format/dlsu_thesis_paper_letterhead.pdf Graphic file (type pdf)

<use figure/../format/dlsu_thesis_paper_letterhead.pdf>
Package pdftex.def Info: figure/../format/dlsu_thesis_paper_letterhead.pdf  use
d on input line 106.
(pdftex.def)             Requested size: 614.31223pt x 794.99231pt.
[65]

File: figure/../format/dlsu_thesis_paper_letterhead.pdf Graphic file (type pdf)

<use figure/../format/dlsu_thesis_paper_letterhead.pdf>
Package pdftex.def Info: figure/../format/dlsu_thesis_paper_letterhead.pdf  use
d on input line 135.
(pdftex.def)             Requested size: 614.31223pt x 794.99231pt.
[66]

File: figure/../format/dlsu_thesis_paper_letterhead.pdf Graphic file (type pdf)

<use figure/../format/dlsu_thesis_paper_letterhead.pdf>
Package pdftex.def Info: figure/../format/dlsu_thesis_paper_letterhead.pdf  use
d on input line 170.
(pdftex.def)             Requested size: 614.31223pt x 794.99231pt.
[67]

File: figure/../format/dlsu_thesis_paper_letterhead.pdf Graphic file (type pdf)

<use figure/../format/dlsu_thesis_paper_letterhead.pdf>
Package pdftex.def Info: figure/../format/dlsu_thesis_paper_letterhead.pdf  use
d on input line 187.
(pdftex.def)             Requested size: 614.31223pt x 794.99231pt.
[68]

File: figure/../format/dlsu_thesis_paper_letterhead.pdf Graphic file (type pdf)

<use figure/../format/dlsu_thesis_paper_letterhead.pdf>
Package pdftex.def Info: figure/../format/dlsu_thesis_paper_letterhead.pdf  use
d on input line 201.
(pdftex.def)             Requested size: 614.31223pt x 794.99231pt.
[69]

File: figure/../format/dlsu_thesis_paper_letterhead.pdf Graphic file (type pdf)

<use figure/../format/dlsu_thesis_paper_letterhead.pdf>
Package pdftex.def Info: figure/../format/dlsu_thesis_paper_letterhead.pdf  use
d on input line 217.
(pdftex.def)             Requested size: 614.31223pt x 794.99231pt.
[70]

File: figure/../format/dlsu_thesis_paper_letterhead.pdf Graphic file (type pdf)

<use figure/../format/dlsu_thesis_paper_letterhead.pdf>
Package pdftex.def Info: figure/../format/dlsu_thesis_paper_letterhead.pdf  use
d on input line 245.
(pdftex.def)             Requested size: 614.31223pt x 794.99231pt.
[71]

File: figure/../format/dlsu_thesis_paper_letterhead.pdf Graphic file (type pdf)

<use figure/../format/dlsu_thesis_paper_letterhead.pdf>
Package pdftex.def Info: figure/../format/dlsu_thesis_paper_letterhead.pdf  use
d on input line 270.
(pdftex.def)             Requested size: 614.31223pt x 794.99231pt.
[72])

File: figure/../format/dlsu_thesis_paper_letterhead.pdf Graphic file (type pdf)

<use figure/../format/dlsu_thesis_paper_letterhead.pdf>
Package pdftex.def Info: figure/../format/dlsu_thesis_paper_letterhead.pdf  use
d on input line 258.
(pdftex.def)             Requested size: 614.31223pt x 794.99231pt.
[73]

File: figure/../format/dlsu_thesis_paper_letterhead.pdf Graphic file (type pdf)

<use figure/../format/dlsu_thesis_paper_letterhead.pdf>
Package pdftex.def Info: figure/../format/dlsu_thesis_paper_letterhead.pdf  use
d on input line 258.
(pdftex.def)             Requested size: 614.31223pt x 794.99231pt.
[74]

File: figure/../format/dlsu_thesis_paper_letterhead.pdf Graphic file (type pdf)

<use figure/../format/dlsu_thesis_paper_letterhead.pdf>
Package pdftex.def Info: figure/../format/dlsu_thesis_paper_letterhead.pdf  use
d on input line 269.
(pdftex.def)             Requested size: 614.31223pt x 794.99231pt.
[75



]
\openout2 = `design_considerations.aux'.

 (design_considerations.tex
Overfull \hbox (4.40166pt too wide) in paragraph at lines 15--16
\OT1/ptm/m/n/12 (-20) smart trans-ducer guide-lines [[][]IEEE Stan-dards As-so-
ci-a-tion, 2024a[][]]. The CAN bus/OBD-
 []



File: figure/../format/dlsu_thesis_paper_letterhead.pdf Graphic file (type pdf)

<use figure/../format/dlsu_thesis_paper_letterhead.pdf>
Package pdftex.def Info: figure/../format/dlsu_thesis_paper_letterhead.pdf  use
d on input line 16.
(pdftex.def)             Requested size: 614.31223pt x 794.99231pt.
[76

]

File: figure/../format/dlsu_thesis_paper_letterhead.pdf Graphic file (type pdf)

<use figure/../format/dlsu_thesis_paper_letterhead.pdf>
Package pdftex.def Info: figure/../format/dlsu_thesis_paper_letterhead.pdf  use
d on input line 28.
(pdftex.def)             Requested size: 614.31223pt x 794.99231pt.
[77]

File: figure/../format/dlsu_thesis_paper_letterhead.pdf Graphic file (type pdf)

<use figure/../format/dlsu_thesis_paper_letterhead.pdf>
Package pdftex.def Info: figure/../format/dlsu_thesis_paper_letterhead.pdf  use
d on input line 43.
(pdftex.def)             Requested size: 614.31223pt x 794.99231pt.
[78]

File: figure/../format/dlsu_thesis_paper_letterhead.pdf Graphic file (type pdf)

<use figure/../format/dlsu_thesis_paper_letterhead.pdf>
Package pdftex.def Info: figure/../format/dlsu_thesis_paper_letterhead.pdf  use
d on input line 65.
(pdftex.def)             Requested size: 614.31223pt x 794.99231pt.
[79]
Overfull \hbox (6.63985pt too wide) in alignment at lines 87--93
 [] [] [] [] [] 
 []


Overfull \hbox (6.63985pt too wide) in alignment at lines 93--98
 [] [] [] [] [] 
 []


Underfull \hbox (badness 2556) in paragraph at lines 102--103
[]\OT1/ptm/m/n/9 (+20) Limited RAM for
 []


Underfull \hbox (badness 1082) in paragraph at lines 104--104
[]\OT1/ptm/m/n/9 (+20) ILI9341 2.4" TFT +
 []


Underfull \hbox (badness 10000) in paragraph at lines 104--105
[]\OT1/ptm/m/n/9 (+20) Touch only used
 []


Underfull \hbox (badness 10000) in paragraph at lines 104--105
\OT1/ptm/m/n/9 (+20) for non-critical
 []


Underfull \hbox (badness 10000) in paragraph at lines 104--105
\OT1/ptm/m/n/9 (+20) ac-tions; phys-i-cal
 []


Underfull \hbox (badness 10000) in paragraph at lines 104--105
\OT1/ptm/m/n/9 (+20) but-tons used for
 []


Underfull \hbox (badness 10000) in paragraph at lines 104--105
\OT1/ptm/m/n/9 (+20) safety-critical
 []


Underfull \hbox (badness 4608) in paragraph at lines 106--106
\OT1/ptm/m/n/9 (+20) style) + mobile-app
 []


Underfull \hbox (badness 10000) in paragraph at lines 106--106
[]\OT1/ptm/m/n/9 (+20) Resilient to embedded-GPS
 []


Underfull \hbox (badness 10000) in paragraph at lines 108--108
[]\OT1/ptm/m/n/9 (+20) Wide-area
 []


Underfull \hbox (badness 10000) in paragraph at lines 108--109
[]\OT1/ptm/m/n/9 (+20) HTTPACTION +
 []


Underfull \hbox (badness 10000) in paragraph at lines 108--109
\OT1/ptm/m/n/9 (+20) TLS rene-go-ti-a-tion
 []


Underfull \hbox (badness 7468) in paragraph at lines 108--109
\OT1/ptm/m/n/9 (+20) can push me-dian
 []


Underfull \hbox (badness 10000) in paragraph at lines 110--110
[]\OT1/ptm/m/n/9 (+20) Wide-area
 []


Underfull \hbox (badness 10000) in paragraph at lines 110--110
\OT1/ptm/m/n/9 (+20) comms - fall-
 []


Underfull \hbox (badness 3815) in paragraph at lines 110--110
[]\OT1/ptm/m/n/9 (+20) GSM 2G via same
 []


Underfull \hbox (badness 10000) in paragraph at lines 110--110
\OT1/ptm/m/n/9 (+20) A7670E (with CG-
 []


Underfull \hbox (badness 10000) in paragraph at lines 110--110
\OT1/ptm/m/n/9 (+20) NAP-N/C-FUN+CSTT
 []


Underfull \hbox (badness 4792) in paragraph at lines 110--111
[]\OT1/ptm/m/n/9 (+20) Lower through-put;
 []


Underfull \hbox (badness 10000) in paragraph at lines 114--114
[]\OT1/ptm/m/n/9 (+20) WiFi (driver phone
 []


Underfull \hbox (badness 10000) in paragraph at lines 114--114
[]\OT1/ptm/m/n/9 (+20) Recovers comms when
 []


Underfull \hbox (badness 10000) in paragraph at lines 114--114
\OT1/ptm/m/n/9 (+20) LTE+GSM+LoRa are all
 []


Underfull \hbox (badness 3449) in paragraph at lines 114--115
\OT1/ptm/m/n/9 (+20) com-pli-ance to en-
 []


Underfull \hbox (badness 10000) in paragraph at lines 116--116
[]\OT1/ptm/m/n/9 (+20) SPIFFS append-
 []


Underfull \hbox (badness 10000) in paragraph at lines 116--116
\OT1/ptm/m/n/9 (+20) only ring buffer,
 []


Underfull \hbox (badness 10000) in paragraph at lines 116--116
\OT1/ptm/m/n/9 (+20) re-played with
 []


Overfull \hbox (50.90948pt too wide) in paragraph at lines 116--116
\OT1/cmtt/m/n/9 channel[]used='offline[]replay'
 []


Underfull \hbox (badness 10000) in paragraph at lines 116--116

 []


Underfull \hbox (badness 10000) in paragraph at lines 118--119
[]\OT1/ptm/m/n/9 (+20) Render cold-start
 []


Underfull \hbox (badness 10000) in paragraph at lines 118--119
\OT1/ptm/m/n/9 (+20) first POST af-ter
 []


Underfull \hbox (badness 10000) in paragraph at lines 120--120
[]\OT1/ptm/m/n/9 (+20) Isolation For-est
 []


Underfull \hbox (badness 10000) in paragraph at lines 120--120
\OT1/ptm/m/n/9 (+20) Model C (con-
 []


Underfull \hbox (badness 10000) in paragraph at lines 120--120
\OT1/ptm/m/n/9 (+20) tam-i-na-tion=0.015,
 []


Underfull \hbox (badness 10000) in paragraph at lines 120--120
\OT1/ptm/m/n/9 (+20) n[]estimators=300,
 []


Underfull \hbox (badness 10000) in paragraph at lines 120--120
[]\OT1/ptm/m/n/9 (+20) Threshold-only /
 []


Underfull \hbox (badness 10000) in paragraph at lines 120--121
\OT1/ptm/m/n/9 (+20) in-jec-tion re-al-ism;
 []


Underfull \hbox (badness 3965) in paragraph at lines 122--122
[]\OT1/ptm/m/n/9 (+20) Matrix Pro-file (win-
 []


Underfull \hbox (badness 10000) in paragraph at lines 122--123
[]\OT1/ptm/m/n/9 (+20) Less ro-bust than
 []


Underfull \hbox (badness 4048) in paragraph at lines 122--123
\OT1/ptm/m/n/9 (+20) Model C at row-
 []


Underfull \hbox (badness 10000) in paragraph at lines 122--123
\OT1/ptm/m/n/9 (+20) level scor-ing;
 []


Underfull \hbox (badness 10000) in paragraph at lines 122--123
\OT1/ptm/m/n/9 (+20) re-tained as sup-
 []


Underfull \hbox (badness 10000) in paragraph at lines 122--123
\OT1/ptm/m/n/9 (+20) port-ing ev-i-dence
 []


Overfull \hbox (6.63985pt too wide) in alignment at lines 98--124
 [] [] [] [] [] 
 []



File: figure/../format/dlsu_thesis_paper_letterhead.pdf Graphic file (type pdf)

<use figure/../format/dlsu_thesis_paper_letterhead.pdf>
Package pdftex.def Info: figure/../format/dlsu_thesis_paper_letterhead.pdf  use
d on input line 124.
(pdftex.def)             Requested size: 614.31223pt x 794.99231pt.
[80]
File: figure/../format/dlsu_thesis_paper_letterhead.pdf Graphic file (type pdf)

<use figure/../format/dlsu_thesis_paper_letterhead.pdf>
Package pdftex.def Info: figure/../format/dlsu_thesis_paper_letterhead.pdf  use
d on input line 124.
(pdftex.def)             Requested size: 614.31223pt x 794.99231pt.
 [81]

File: figure/../format/dlsu_thesis_paper_letterhead.pdf Graphic file (type pdf)

<use figure/../format/dlsu_thesis_paper_letterhead.pdf>
Package pdftex.def Info: figure/../format/dlsu_thesis_paper_letterhead.pdf  use
d on input line 132.
(pdftex.def)             Requested size: 614.31223pt x 794.99231pt.
[82]

File: figure/../format/dlsu_thesis_paper_letterhead.pdf Graphic file (type pdf)

<use figure/../format/dlsu_thesis_paper_letterhead.pdf>
Package pdftex.def Info: figure/../format/dlsu_thesis_paper_letterhead.pdf  use
d on input line 144.
(pdftex.def)             Requested size: 614.31223pt x 794.99231pt.
[83]

File: figure/../format/dlsu_thesis_paper_letterhead.pdf Graphic file (type pdf)

<use figure/../format/dlsu_thesis_paper_letterhead.pdf>
Package pdftex.def Info: figure/../format/dlsu_thesis_paper_letterhead.pdf  use
d on input line 160.
(pdftex.def)             Requested size: 614.31223pt x 794.99231pt.
[84]
Overfull \hbox (28.79436pt too wide) in paragraph at lines 171--172
\OT1/ptm/m/n/12 (-20) Communication pro-to-cols and se-cu-rity mea-sures are al
igned with ISO/IEC 27018, ISO/IEC 27001,
 []



File: figure/../format/dlsu_thesis_paper_letterhead.pdf Graphic file (type pdf)

<use figure/../format/dlsu_thesis_paper_letterhead.pdf>
Package pdftex.def Info: figure/../format/dlsu_thesis_paper_letterhead.pdf  use
d on input line 175.
(pdftex.def)             Requested size: 614.31223pt x 794.99231pt.
[85]

File: figure/../format/dlsu_thesis_paper_letterhead.pdf Graphic file (type pdf)

<use figure/../format/dlsu_thesis_paper_letterhead.pdf>
Package pdftex.def Info: figure/../format/dlsu_thesis_paper_letterhead.pdf  use
d on input line 185.
(pdftex.def)             Requested size: 614.31223pt x 794.99231pt.
[86]
Underfull \hbox (badness 10000) in paragraph at lines 203--203
\OT1/ptm/m/n/12 (+20) dles mul-ti-vari-ate data;
 []


Underfull \hbox (badness 3503) in paragraph at lines 203--203
\OT1/ptm/m/n/12 (+20) Model C sup-ports con-
 []


Underfull \hbox (badness 1783) in paragraph at lines 203--203
\OT1/ptm/m/n/12 (+20) sen-si-tiv-ity to con-tam-i-na-
 []


Underfull \hbox (badness 10000) in paragraph at lines 203--203
[]\OT1/ptm/m/n/12 (+20) Shape-based time-series
 []


Underfull \hbox (badness 7907) in paragraph at lines 203--203
\OT1/ptm/m/n/12 (+20) dis-cord de-tec-tion; use-
 []


Underfull \hbox (badness 10000) in paragraph at lines 203--203
\OT1/ptm/m/n/12 (+20) ful for slow-leak and
 []


Underfull \hbox (badness 10000) in paragraph at lines 203--203
[]\OT1/ptm/m/n/12 (+20) Requires window-size
 []


Underfull \hbox (badness 10000) in paragraph at lines 203--203
\OT1/ptm/m/n/12 (+20) tun-ing; pri-mar-ily one-
 []


Underfull \hbox (badness 10000) in paragraph at lines 203--203
\OT1/ptm/m/n/12 (+20) dimensional un-less
 []


Underfull \hbox (badness 6575) in paragraph at lines 203--203
\OT1/ptm/m/n/12 (+20) data; less ro-bust than
 []


Underfull \hbox (badness 10000) in paragraph at lines 203--203
\OT1/ptm/m/n/12 (+20) Model C at row-level
 []



File: figure/../format/dlsu_thesis_paper_letterhead.pdf Graphic file (type pdf)

<use figure/../format/dlsu_thesis_paper_letterhead.pdf>
Package pdftex.def Info: figure/../format/dlsu_thesis_paper_letterhead.pdf  use
d on input line 207.
(pdftex.def)             Requested size: 614.31223pt x 794.99231pt.
[87])

File: figure/../format/dlsu_thesis_paper_letterhead.pdf Graphic file (type pdf)

<use figure/../format/dlsu_thesis_paper_letterhead.pdf>
Package pdftex.def Info: figure/../format/dlsu_thesis_paper_letterhead.pdf  use
d on input line 269.
(pdftex.def)             Requested size: 614.31223pt x 794.99231pt.
[88]

File: figure/../format/dlsu_thesis_paper_letterhead.pdf Graphic file (type pdf)

<use figure/../format/dlsu_thesis_paper_letterhead.pdf>
Package pdftex.def Info: figure/../format/dlsu_thesis_paper_letterhead.pdf  use
d on input line 280.
(pdftex.def)             Requested size: 614.31223pt x 794.99231pt.
[89



]
\openout2 = `methodology.aux'.

 (methodology.tex
Underfull \hbox (badness 2512) in paragraph at lines 60--60
[]\OT1/ptm/m/n/9 (+20) GO: To de-velop and
 []


Underfull \hbox (badness 1194) in paragraph at lines 60--60
\OT1/ptm/m/n/9 (+20) eval-u-ate an IoT-based
 []


Underfull \hbox (badness 1590) in paragraph at lines 60--60
\OT1/ptm/m/n/9 (+20) sys-tem for trucks, in
 []


Underfull \hbox (badness 10000) in paragraph at lines 60--60
\OT1/ptm/m/n/9 (+20) fuel lev-els, tracks
 []


Underfull \hbox (badness 10000) in paragraph at lines 60--60
\OT1/ptm/m/n/9 (+20) de-tects un-usual fuel
 []


Underfull \hbox (badness 10000) in paragraph at lines 60--60
\OT1/ptm/m/n/9 (+20) con-sump-tion us-ing
 []


Underfull \hbox (badness 7451) in paragraph at lines 60--60
\OT1/ptm/m/n/9 (+20) rest schedul-ing, and
 []


Underfull \hbox (badness 10000) in paragraph at lines 60--60
\OT1/ptm/m/n/9 (+20) fa-cil-i-tat-ing proac-tive
 []


Underfull \hbox (badness 10000) in paragraph at lines 60--60
\OT1/ptm/m/n/9 (+20) ve-hi-cle main-te-nance
 []


Underfull \hbox (badness 10000) in paragraph at lines 60--60
\OT1/ptm/m/n/9 (+20) through au-to-mated
 []


Underfull \hbox (badness 2478) in paragraph at lines 60--60
\OT1/ptm/m/n/9 (+20) alerts us-ing fuel and
 []


Underfull \hbox (badness 1424) in paragraph at lines 60--60
\OT1/ptm/m/n/9 (+20) sen-sors in-te-grated via
 []


Underfull \hbox (badness 1642) in paragraph at lines 60--60
\OT1/ptm/m/n/9 (+20) the truck's ECU/-di-ag-
 []


Underfull \hbox (badness 5050) in paragraph at lines 60--60
\OT1/ptm/m/n/9 (+20) nos-tic con-nec-tor and
 []


Underfull \hbox (badness 10000) in paragraph at lines 60--60
[]\OT1/ptm/m/n/9 (+20) Secs. [][]5.3[][],
 []


Underfull \hbox (badness 10000) in paragraph at lines 60--60
[]\OT1/ptm/m/n/9 (+20) SO2: To trans-mit
 []


Underfull \hbox (badness 10000) in paragraph at lines 60--60
\OT1/ptm/m/n/9 (+20) com-mu-ni-ca-tion to a
 []


Underfull \hbox (badness 3068) in paragraph at lines 60--60
\OT1/ptm/m/n/9 (+20) through a cen-tral-ized
 []


Underfull \hbox (badness 10000) in paragraph at lines 60--60
[]\OT1/ptm/m/n/9 (+20) Secs. [][]5.1[][],
 []


Underfull \hbox (badness 1394) in paragraph at lines 60--60
[]\OT1/ptm/m/n/9 (+20) SO4: To de-sign and
 []


Underfull \hbox (badness 10000) in paragraph at lines 60--60
\OT1/ptm/m/n/9 (+20) eval-u-ate a context-
 []


Underfull \hbox (badness 10000) in paragraph at lines 60--60
\OT1/ptm/m/n/9 (+20) aware fuel us-age
 []


Underfull \hbox (badness 10000) in paragraph at lines 60--60
\OT1/ptm/m/n/9 (+20) context-aware non-
 []


Underfull \hbox (badness 10000) in paragraph at lines 60--60
\OT1/ptm/m/n/9 (+20) parametric ma-chine
 []


Underfull \hbox (badness 10000) in paragraph at lines 60--60
\OT1/ptm/m/n/9 (+20) Pro-file or Iso-la-tion
 []


Underfull \hbox (badness 10000) in paragraph at lines 60--60
\OT1/ptm/m/n/9 (+20) For-est), achiev-ing
 []


Underfull \hbox (badness 10000) in paragraph at lines 60--60
\OT1/ptm/m/n/9 (+20) 90% pre-ci-sion and
 []


Underfull \hbox (badness 1817) in paragraph at lines 60--60
\OT1/ptm/m/n/9 (+20) iden-ti-fy-ing anoma-lous
 []


Underfull \hbox (badness 1648) in paragraph at lines 60--60
\OT1/ptm/m/n/9 (+20) fuel con-sump-tion pat-
 []


Underfull \hbox (badness 10000) in paragraph at lines 60--60
[]\OT1/ptm/m/n/9 (+20) Secs. [][]5.9[][],
 []


Underfull \hbox (badness 3068) in paragraph at lines 60--60
\OT1/ptm/m/n/9 (+20) rest and main-te-nance
 []


Underfull \hbox (badness 10000) in paragraph at lines 60--60
\OT1/ptm/m/n/9 (+20) alert mech-a-nisms
 []


Underfull \hbox (badness 1571) in paragraph at lines 60--60
\OT1/ptm/m/n/9 (+20) us-ing cu-mu-la-tive fuel
 []


Underfull \hbox (badness 10000) in paragraph at lines 60--60
[]\OT1/ptm/m/n/9 (+20) Secs. [][]5.2[][],
 []

File: figure/../format/dlsu_thesis_paper_letterhead.pdf Graphic file (type pdf)

<use figure/../format/dlsu_thesis_paper_letterhead.pdf>
Package pdftex.def Info: figure/../format/dlsu_thesis_paper_letterhead.pdf  use
d on input line 60.
(pdftex.def)             Requested size: 614.31223pt x 794.99231pt.
[90

]
File: figure/../format/dlsu_thesis_paper_letterhead.pdf Graphic file (type pdf)

<use figure/../format/dlsu_thesis_paper_letterhead.pdf>
Package pdftex.def Info: figure/../format/dlsu_thesis_paper_letterhead.pdf  use
d on input line 60.
(pdftex.def)             Requested size: 614.31223pt x 794.99231pt.
 [91]
File: figure/../format/dlsu_thesis_paper_letterhead.pdf Graphic file (type pdf)

<use figure/../format/dlsu_thesis_paper_letterhead.pdf>
Package pdftex.def Info: figure/../format/dlsu_thesis_paper_letterhead.pdf  use
d on input line 60.
(pdftex.def)             Requested size: 614.31223pt x 794.99231pt.
 [92]
<figure/concep_diagram.png, id=2644, 523.9575pt x 352.31625pt>
File: figure/concep_diagram.png Graphic file (type png)
<use figure/concep_diagram.png>
Package pdftex.def Info: figure/concep_diagram.png  used on input line 71.
(pdftex.def)             Requested size: 429.3521pt x 288.70766pt.


File: figure/../format/dlsu_thesis_paper_letterhead.pdf Graphic file (type pdf)

<use figure/../format/dlsu_thesis_paper_letterhead.pdf>
Package pdftex.def Info: figure/../format/dlsu_thesis_paper_letterhead.pdf  use
d on input line 82.
(pdftex.def)             Requested size: 614.31223pt x 794.99231pt.
[93]

File: figure/../format/dlsu_thesis_paper_letterhead.pdf Graphic file (type pdf)

<use figure/../format/dlsu_thesis_paper_letterhead.pdf>
Package pdftex.def Info: figure/../format/dlsu_thesis_paper_letterhead.pdf  use
d on input line 87.
(pdftex.def)             Requested size: 614.31223pt x 794.99231pt.
[94 <./figure/concep_diagram.png>]
<figure/End-to-end_system_architecture.png, id=2656, 571.38469pt x 490.83376pt>

File: figure/End-to-end_system_architecture.png Graphic file (type png)
<use figure/End-to-end_system_architecture.png>
Package pdftex.def Info: figure/End-to-end_system_architecture.png  used on inp
ut line 93.
(pdftex.def)             Requested size: 343.48299pt x 295.06422pt.


File: figure/../format/dlsu_thesis_paper_letterhead.pdf Graphic file (type pdf)

<use figure/../format/dlsu_thesis_paper_letterhead.pdf>
Package pdftex.def Info: figure/../format/dlsu_thesis_paper_letterhead.pdf  use
d on input line 97.
(pdftex.def)             Requested size: 614.31223pt x 794.99231pt.
[95 <./figure/End-to-end_system_architecture.png>]

File: figure/../format/dlsu_thesis_paper_letterhead.pdf Graphic file (type pdf)

<use figure/../format/dlsu_thesis_paper_letterhead.pdf>
Package pdftex.def Info: figure/../format/dlsu_thesis_paper_letterhead.pdf  use
d on input line 106.
(pdftex.def)             Requested size: 614.31223pt x 794.99231pt.
[96

]
<figure/IPO.png, id=2667, 1508.63625pt x 377.61075pt>
File: figure/IPO.png Graphic file (type png)
<use figure/IPO.png>
Package pdftex.def Info: figure/IPO.png  used on input line 115.
(pdftex.def)             Requested size: 429.3521pt x 107.4646pt.


File: figure/../format/dlsu_thesis_paper_letterhead.pdf Graphic file (type pdf)

<use figure/../format/dlsu_thesis_paper_letterhead.pdf>
Package pdftex.def Info: figure/../format/dlsu_thesis_paper_letterhead.pdf  use
d on input line 121.
(pdftex.def)             Requested size: 614.31223pt x 794.99231pt.
[97 <./figure/IPO.png>]
Package hyperref Info: bookmark level for unknown lstlisting defaults to 0 on i
nput line 128.


File: figure/../format/dlsu_thesis_paper_letterhead.pdf Graphic file (type pdf)

<use figure/../format/dlsu_thesis_paper_letterhead.pdf>
Package pdftex.def Info: figure/../format/dlsu_thesis_paper_letterhead.pdf  use
d on input line 132.
(pdftex.def)             Requested size: 614.31223pt x 794.99231pt.
[98]

File: figure/../format/dlsu_thesis_paper_letterhead.pdf Graphic file (type pdf)

<use figure/../format/dlsu_thesis_paper_letterhead.pdf>
Package pdftex.def Info: figure/../format/dlsu_thesis_paper_letterhead.pdf  use
d on input line 166.
(pdftex.def)             Requested size: 614.31223pt x 794.99231pt.
[99]

File: figure/../format/dlsu_thesis_paper_letterhead.pdf Graphic file (type pdf)

<use figure/../format/dlsu_thesis_paper_letterhead.pdf>
Package pdftex.def Info: figure/../format/dlsu_thesis_paper_letterhead.pdf  use
d on input line 184.
(pdftex.def)             Requested size: 614.31223pt x 794.99231pt.
[100]
<figure/image.png, id=2731, 394.47375pt x 262.40894pt>
File: figure/image.png Graphic file (type png)
<use figure/image.png>
Package pdftex.def Info: figure/image.png  used on input line 191.
(pdftex.def)             Requested size: 386.41426pt x 257.04688pt.


File: figure/../format/dlsu_thesis_paper_letterhead.pdf Graphic file (type pdf)

<use figure/../format/dlsu_thesis_paper_letterhead.pdf>
Package pdftex.def Info: figure/../format/dlsu_thesis_paper_letterhead.pdf  use
d on input line 200.
(pdftex.def)             Requested size: 614.31223pt x 794.99231pt.
[101]

File: figure/../format/dlsu_thesis_paper_letterhead.pdf Graphic file (type pdf)

<use figure/../format/dlsu_thesis_paper_letterhead.pdf>
Package pdftex.def Info: figure/../format/dlsu_thesis_paper_letterhead.pdf  use
d on input line 204.
(pdftex.def)             Requested size: 614.31223pt x 794.99231pt.
[102 <./figure/image.png>]

File: figure/../format/dlsu_thesis_paper_letterhead.pdf Graphic file (type pdf)

<use figure/../format/dlsu_thesis_paper_letterhead.pdf>
Package pdftex.def Info: figure/../format/dlsu_thesis_paper_letterhead.pdf  use
d on input line 213.
(pdftex.def)             Requested size: 614.31223pt x 794.99231pt.
[103]

Package hyperref Warning: Token not allowed in a PDF string (Unicode):
(hyperref)                removing `\leavevmode@ifvmode' on input line 216.


Package hyperref Warning: Token not allowed in a PDF string (Unicode):
(hyperref)                \kern 2.00043pt
(hyperref)                removed on input line 216.



File: figure/../format/dlsu_thesis_paper_letterhead.pdf Graphic file (type pdf)

<use figure/../format/dlsu_thesis_paper_letterhead.pdf>
Package pdftex.def Info: figure/../format/dlsu_thesis_paper_letterhead.pdf  use
d on input line 223.
(pdftex.def)             Requested size: 614.31223pt x 794.99231pt.
[104]
Overfull \hbox (9.94101pt too wide) in paragraph at lines 224--225
[]\OT1/ptm/b/n/12 (-20) Nyquist cov-er-age of le-git-i-mate fuel dy-nam-ics. \O
T1/ptm/m/n/12 (-20) The phys-i-cal max-i-mum idle-combustion
 []



File: figure/../format/dlsu_thesis_paper_letterhead.pdf Graphic file (type pdf)

<use figure/../format/dlsu_thesis_paper_letterhead.pdf>
Package pdftex.def Info: figure/../format/dlsu_thesis_paper_letterhead.pdf  use
d on input line 227.
(pdftex.def)             Requested size: 614.31223pt x 794.99231pt.
[105]
Underfull \hbox (badness 10000) in paragraph at lines 242--243
[]\OT1/cmtt/m/n/9 fuel[]level \OT1/ptm/m/n/9 (+20) (fil-tered) +
 []


Underfull \hbox (badness 10000) in paragraph at lines 242--243
\OT1/cmtt/m/n/9 fuel[]source='mode22' \OT1/ptm/m/n/9 (+20) +
 []



File: figure/../format/dlsu_thesis_paper_letterhead.pdf Graphic file (type pdf)

<use figure/../format/dlsu_thesis_paper_letterhead.pdf>
Package pdftex.def Info: figure/../format/dlsu_thesis_paper_letterhead.pdf  use
d on input line 268.
(pdftex.def)             Requested size: 614.31223pt x 794.99231pt.
[106]

File: figure/../format/dlsu_thesis_paper_letterhead.pdf Graphic file (type pdf)

<use figure/../format/dlsu_thesis_paper_letterhead.pdf>
Package pdftex.def Info: figure/../format/dlsu_thesis_paper_letterhead.pdf  use
d on input line 278.
(pdftex.def)             Requested size: 614.31223pt x 794.99231pt.
[107]
Underfull \hbox (badness 10000) in paragraph at lines 299--300
[]\OT1/ptm/m/n/9 (+20) ISO 15765-
 []


Underfull \hbox (badness 10000) in paragraph at lines 299--300
\OT1/ptm/m/n/9 (+20) Or-ga-ni-za-tion
 []


Underfull \hbox (badness 10000) in paragraph at lines 301--302
[]\OT1/ptm/m/n/9 (+20) ISO 15031-
 []


Underfull \hbox (badness 10000) in paragraph at lines 301--302
\OT1/ptm/m/n/9 (+20) Or-ga-ni-za-tion
 []


Underfull \hbox (badness 10000) in paragraph at lines 303--304
[]\OT1/ptm/m/n/9 (+20) ISO 15031-
 []


Underfull \hbox (badness 10000) in paragraph at lines 303--304
\OT1/ptm/m/n/9 (+20) Or-ga-ni-za-tion
 []


Underfull \hbox (badness 10000) in paragraph at lines 305--306
[]\OT1/ptm/m/n/9 (+20) ISO 15031-
 []


Underfull \hbox (badness 10000) in paragraph at lines 305--306
\OT1/ptm/m/n/9 (+20) Or-ga-ni-za-tion
 []


Underfull \hbox (badness 10000) in paragraph at lines 307--308
[]\OT1/ptm/m/n/9 (+20) ISO 15031-
 []


Underfull \hbox (badness 10000) in paragraph at lines 307--308
\OT1/ptm/m/n/9 (+20) Or-ga-ni-za-tion
 []


Underfull \hbox (badness 10000) in paragraph at lines 309--310
[]\OT1/ptm/m/n/9 (+20) ISO 15031-
 []


Underfull \hbox (badness 10000) in paragraph at lines 309--310
\OT1/ptm/m/n/9 (+20) Or-ga-ni-za-tion
 []


Underfull \hbox (badness 10000) in paragraph at lines 311--312
[]\OT1/ptm/m/n/9 (+20) ISO 15765-
 []


Underfull \hbox (badness 10000) in paragraph at lines 311--312
\OT1/ptm/m/n/9 (+20) Or-ga-ni-za-tion
 []


Underfull \hbox (badness 10000) in paragraph at lines 313--313
[]\OT1/ptm/m/n/9 (+20) UART NMEA GPRMC
 []


Underfull \hbox (badness 10000) in paragraph at lines 313--313
[]\OT1/ptm/m/n/9 (+20) deg,
 []


Underfull \hbox (badness 2035) in paragraph at lines 315--315
[]\OT1/ptm/m/n/9 (+20) ESP32 RTC / NTP-
 []


Overfull \hbox (0.53067pt too wide) in paragraph at lines 315--316
[]\OT1/ptm/m/n/9 (-20) IETF RFC 5905
 []


Underfull \hbox (badness 10000) in paragraph at lines 315--316

 []



File: figure/../format/dlsu_thesis_paper_letterhead.pdf Graphic file (type pdf)

<use figure/../format/dlsu_thesis_paper_letterhead.pdf>
Package pdftex.def Info: figure/../format/dlsu_thesis_paper_letterhead.pdf  use
d on input line 323.
(pdftex.def)             Requested size: 614.31223pt x 794.99231pt.
[108]

File: figure/../format/dlsu_thesis_paper_letterhead.pdf Graphic file (type pdf)

<use figure/../format/dlsu_thesis_paper_letterhead.pdf>
Package pdftex.def Info: figure/../format/dlsu_thesis_paper_letterhead.pdf  use
d on input line 323.
(pdftex.def)             Requested size: 614.31223pt x 794.99231pt.
[109]
<figure/Fuel-level_filter_cascade.png, id=2824, 1121.69063pt x 222.8325pt>
File: figure/Fuel-level_filter_cascade.png Graphic file (type png)
<use figure/Fuel-level_filter_cascade.png>
Package pdftex.def Info: figure/Fuel-level_filter_cascade.png  used on input li
ne 331.
(pdftex.def)             Requested size: 407.88318pt x 81.02887pt.


File: figure/../format/dlsu_thesis_paper_letterhead.pdf Graphic file (type pdf)

<use figure/../format/dlsu_thesis_paper_letterhead.pdf>
Package pdftex.def Info: figure/../format/dlsu_thesis_paper_letterhead.pdf  use
d on input line 340.
(pdftex.def)             Requested size: 614.31223pt x 794.99231pt.
[110 <./figure/Fuel-level_filter_cascade.png>]

File: figure/../format/dlsu_thesis_paper_letterhead.pdf Graphic file (type pdf)

<use figure/../format/dlsu_thesis_paper_letterhead.pdf>
Package pdftex.def Info: figure/../format/dlsu_thesis_paper_letterhead.pdf  use
d on input line 352.
(pdftex.def)             Requested size: 614.31223pt x 794.99231pt.
[111]

Package hyperref Warning: Token not allowed in a PDF string (Unicode):
(hyperref)                removing `math shift' on input line 352.


Package hyperref Warning: Token not allowed in a PDF string (Unicode):
(hyperref)                removing `subscript' on input line 352.


Package hyperref Warning: Token not allowed in a PDF string (Unicode):
(hyperref)                removing `math shift' on input line 352.



File: figure/../format/dlsu_thesis_paper_letterhead.pdf Graphic file (type pdf)

<use figure/../format/dlsu_thesis_paper_letterhead.pdf>
Package pdftex.def Info: figure/../format/dlsu_thesis_paper_letterhead.pdf  use
d on input line 361.
(pdftex.def)             Requested size: 614.31223pt x 794.99231pt.
[112]

File: figure/../format/dlsu_thesis_paper_letterhead.pdf Graphic file (type pdf)

<use figure/../format/dlsu_thesis_paper_letterhead.pdf>
Package pdftex.def Info: figure/../format/dlsu_thesis_paper_letterhead.pdf  use
d on input line 382.
(pdftex.def)             Requested size: 614.31223pt x 794.99231pt.
[113]

File: figure/../format/dlsu_thesis_paper_letterhead.pdf Graphic file (type pdf)

<use figure/../format/dlsu_thesis_paper_letterhead.pdf>
Package pdftex.def Info: figure/../format/dlsu_thesis_paper_letterhead.pdf  use
d on input line 403.
(pdftex.def)             Requested size: 614.31223pt x 794.99231pt.
[114]

File: figure/../format/dlsu_thesis_paper_letterhead.pdf Graphic file (type pdf)

<use figure/../format/dlsu_thesis_paper_letterhead.pdf>
Package pdftex.def Info: figure/../format/dlsu_thesis_paper_letterhead.pdf  use
d on input line 419.
(pdftex.def)             Requested size: 614.31223pt x 794.99231pt.
[115]

File: figure/../format/dlsu_thesis_paper_letterhead.pdf Graphic file (type pdf)

<use figure/../format/dlsu_thesis_paper_letterhead.pdf>
Package pdftex.def Info: figure/../format/dlsu_thesis_paper_letterhead.pdf  use
d on input line 450.
(pdftex.def)             Requested size: 614.31223pt x 794.99231pt.
[116]

File: figure/../format/dlsu_thesis_paper_letterhead.pdf Graphic file (type pdf)

<use figure/../format/dlsu_thesis_paper_letterhead.pdf>
Package pdftex.def Info: figure/../format/dlsu_thesis_paper_letterhead.pdf  use
d on input line 469.
(pdftex.def)             Requested size: 614.31223pt x 794.99231pt.
[117]

File: figure/../format/dlsu_thesis_paper_letterhead.pdf Graphic file (type pdf)

<use figure/../format/dlsu_thesis_paper_letterhead.pdf>
Package pdftex.def Info: figure/../format/dlsu_thesis_paper_letterhead.pdf  use
d on input line 482.
(pdftex.def)             Requested size: 614.31223pt x 794.99231pt.
[118]

File: figure/../format/dlsu_thesis_paper_letterhead.pdf Graphic file (type pdf)

<use figure/../format/dlsu_thesis_paper_letterhead.pdf>
Package pdftex.def Info: figure/../format/dlsu_thesis_paper_letterhead.pdf  use
d on input line 500.
(pdftex.def)             Requested size: 614.31223pt x 794.99231pt.
[119]

Package hyperref Warning: Token not allowed in a PDF string (Unicode):
(hyperref)                removing `math shift' on input line 503.


Package hyperref Warning: Token not allowed in a PDF string (Unicode):
(hyperref)                removing `subscript' on input line 503.


Package hyperref Warning: Token not allowed in a PDF string (Unicode):
(hyperref)                removing `math shift' on input line 503.



File: figure/../format/dlsu_thesis_paper_letterhead.pdf Graphic file (type pdf)

<use figure/../format/dlsu_thesis_paper_letterhead.pdf>
Package pdftex.def Info: figure/../format/dlsu_thesis_paper_letterhead.pdf  use
d on input line 521.
(pdftex.def)             Requested size: 614.31223pt x 794.99231pt.
[120]

File: figure/../format/dlsu_thesis_paper_letterhead.pdf Graphic file (type pdf)

<use figure/../format/dlsu_thesis_paper_letterhead.pdf>
Package pdftex.def Info: figure/../format/dlsu_thesis_paper_letterhead.pdf  use
d on input line 539.
(pdftex.def)             Requested size: 614.31223pt x 794.99231pt.
[121]

File: figure/../format/dlsu_thesis_paper_letterhead.pdf Graphic file (type pdf)

<use figure/../format/dlsu_thesis_paper_letterhead.pdf>
Package pdftex.def Info: figure/../format/dlsu_thesis_paper_letterhead.pdf  use
d on input line 553.
(pdftex.def)             Requested size: 614.31223pt x 794.99231pt.
[122]
Underfull \hbox (badness 10000) in paragraph at lines 580--580
[]\OT1/cmtt/m/n/12 HTTP GET
 []



File: figure/../format/dlsu_thesis_paper_letterhead.pdf Graphic file (type pdf)

<use figure/../format/dlsu_thesis_paper_letterhead.pdf>
Package pdftex.def Info: figure/../format/dlsu_thesis_paper_letterhead.pdf  use
d on input line 585.
(pdftex.def)             Requested size: 614.31223pt x 794.99231pt.
[123]

File: figure/../format/dlsu_thesis_paper_letterhead.pdf Graphic file (type pdf)

<use figure/../format/dlsu_thesis_paper_letterhead.pdf>
Package pdftex.def Info: figure/../format/dlsu_thesis_paper_letterhead.pdf  use
d on input line 620.
(pdftex.def)             Requested size: 614.31223pt x 794.99231pt.
[124]

File: figure/../format/dlsu_thesis_paper_letterhead.pdf Graphic file (type pdf)

<use figure/../format/dlsu_thesis_paper_letterhead.pdf>
Package pdftex.def Info: figure/../format/dlsu_thesis_paper_letterhead.pdf  use
d on input line 639.
(pdftex.def)             Requested size: 614.31223pt x 794.99231pt.
[125]
Underfull \hbox (badness 10000) in paragraph at lines 669--669
[]\OT1/ptm/m/n/9 (+20) SPIFFS
 []



File: figure/../format/dlsu_thesis_paper_letterhead.pdf Graphic file (type pdf)

<use figure/../format/dlsu_thesis_paper_letterhead.pdf>
Package pdftex.def Info: figure/../format/dlsu_thesis_paper_letterhead.pdf  use
d on input line 675.
(pdftex.def)             Requested size: 614.31223pt x 794.99231pt.
[126]

File: figure/../format/dlsu_thesis_paper_letterhead.pdf Graphic file (type pdf)

<use figure/../format/dlsu_thesis_paper_letterhead.pdf>
Package pdftex.def Info: figure/../format/dlsu_thesis_paper_letterhead.pdf  use
d on input line 693.
(pdftex.def)             Requested size: 614.31223pt x 794.99231pt.
[127]
Underfull \hbox (badness 10000) in paragraph at lines 707--708
[]\OT1/ptm/m/n/9 (+20) Depot and
 []


Underfull \hbox (badness 10000) in paragraph at lines 709--709
[]\OT1/ptm/m/n/9 (-15) Medium
 []


Underfull \hbox (badness 10000) in paragraph at lines 709--709

 []


Underfull \hbox (badness 3895) in paragraph at lines 709--710
[]\OT1/ptm/m/n/9 (+20) Primary cel-lu-
 []


Underfull \hbox (badness 10000) in paragraph at lines 711--711
[]\OT1/ptm/m/n/9 (+20) A7670E fall-
 []


Underfull \hbox (badness 10000) in paragraph at lines 711--711
[]\OT1/ptm/m/n/9 (-15) Medium
 []


Underfull \hbox (badness 10000) in paragraph at lines 711--711

 []


Underfull \hbox (badness 10000) in paragraph at lines 711--712
[]\OT1/ptm/m/n/9 (+20) Cellular fall-
 []


Underfull \hbox (badness 10000) in paragraph at lines 713--713
\OT1/ptm/m/n/9 (+20) MHz, SF7,
 []


Underfull \hbox (badness 10000) in paragraph at lines 713--713
[]\OT1/ptm/m/n/9 (+20) Very
 []


Underfull \hbox (badness 10000) in paragraph at lines 713--714
[]\OT1/ptm/m/n/9 (+20) Primary
 []


Underfull \hbox (badness 1194) in paragraph at lines 713--714
\OT1/ptm/m/n/9 (+20) teleme-try path
 []


Underfull \hbox (badness 10000) in paragraph at lines 713--714
\OT1/ptm/m/n/9 (+20) (in-tel-li-gent
 []


Underfull \hbox (badness 10000) in paragraph at lines 713--714
\OT1/ptm/m/n/9 (+20) traffic-steering
 []



File: figure/../format/dlsu_thesis_paper_letterhead.pdf Graphic file (type pdf)

<use figure/../format/dlsu_thesis_paper_letterhead.pdf>
Package pdftex.def Info: figure/../format/dlsu_thesis_paper_letterhead.pdf  use
d on input line 724.
(pdftex.def)             Requested size: 614.31223pt x 794.99231pt.
[128]
<figure/Communication_Method_Comparison_radar.png, id=2979, 857.45343pt x 645.1
6031pt>
File: figure/Communication_Method_Comparison_radar.png Graphic file (type png)
<use figure/Communication_Method_Comparison_radar.png>
Package pdftex.def Info: figure/Communication_Method_Comparison_radar.png  used
 on input line 729.
(pdftex.def)             Requested size: 343.48299pt x 258.44347pt.


File: figure/../format/dlsu_thesis_paper_letterhead.pdf Graphic file (type pdf)

<use figure/../format/dlsu_thesis_paper_letterhead.pdf>
Package pdftex.def Info: figure/../format/dlsu_thesis_paper_letterhead.pdf  use
d on input line 737.
(pdftex.def)             Requested size: 614.31223pt x 794.99231pt.
[129 <./figure/Communication_Method_Comparison_radar.png>]
<figure/example_gray_box.pdf, id=2987, 202.7575pt x 202.7575pt>
File: figure/example_gray_box.pdf Graphic file (type pdf)
<use figure/example_gray_box.pdf>
Package pdftex.def Info: figure/example_gray_box.pdf  used on input line 749.
(pdftex.def)             Requested size: 386.41426pt x 386.4251pt.


File: figure/../format/dlsu_thesis_paper_letterhead.pdf Graphic file (type pdf)

<use figure/../format/dlsu_thesis_paper_letterhead.pdf>
Package pdftex.def Info: figure/../format/dlsu_thesis_paper_letterhead.pdf  use
d on input line 758.
(pdftex.def)             Requested size: 614.31223pt x 794.99231pt.
[130]

File: figure/../format/dlsu_thesis_paper_letterhead.pdf Graphic file (type pdf)

<use figure/../format/dlsu_thesis_paper_letterhead.pdf>
Package pdftex.def Info: figure/../format/dlsu_thesis_paper_letterhead.pdf  use
d on input line 758.
(pdftex.def)             Requested size: 614.31223pt x 794.99231pt.
[131 <./figure/example_gray_box.pdf>]
<figure/Offline-buffer_fall-through_flowchart.png, id=3000, 612.78937pt x 549.5
5313pt>
File: figure/Offline-buffer_fall-through_flowchart.png Graphic file (type png)
<use figure/Offline-buffer_fall-through_flowchart.png>
Package pdftex.def Info: figure/Offline-buffer_fall-through_flowchart.png  used
 on input line 771.
(pdftex.def)             Requested size: 386.41426pt x 346.53896pt.


File: figure/../format/dlsu_thesis_paper_letterhead.pdf Graphic file (type pdf)

<use figure/../format/dlsu_thesis_paper_letterhead.pdf>
Package pdftex.def Info: figure/../format/dlsu_thesis_paper_letterhead.pdf  use
d on input line 778.
(pdftex.def)             Requested size: 614.31223pt x 794.99231pt.
[132]

File: figure/../format/dlsu_thesis_paper_letterhead.pdf Graphic file (type pdf)

<use figure/../format/dlsu_thesis_paper_letterhead.pdf>
Package pdftex.def Info: figure/../format/dlsu_thesis_paper_letterhead.pdf  use
d on input line 781.
(pdftex.def)             Requested size: 614.31223pt x 794.99231pt.
[133 <./figure/Offline-buffer_fall-through_flowchart.png>]

File: figure/../format/dlsu_thesis_paper_letterhead.pdf Graphic file (type pdf)

<use figure/../format/dlsu_thesis_paper_letterhead.pdf>
Package pdftex.def Info: figure/../format/dlsu_thesis_paper_letterhead.pdf  use
d on input line 793.
(pdftex.def)             Requested size: 614.31223pt x 794.99231pt.
[134]

File: figure/../format/dlsu_thesis_paper_letterhead.pdf Graphic file (type pdf)

<use figure/../format/dlsu_thesis_paper_letterhead.pdf>
Package pdftex.def Info: figure/../format/dlsu_thesis_paper_letterhead.pdf  use
d on input line 809.
(pdftex.def)             Requested size: 614.31223pt x 794.99231pt.
[135]
Underfull \hbox (badness 10000) in paragraph at lines 819--819
[]\OT1/ptm/m/n/10.95 (+20) UUIDs (\OT1/cmtt/m/n/10.95 truck[]id\OT1/ptm/m/n/10.
95 (+20) , \OT1/cmtt/m/n/10.95 driver[]id\OT1/ptm/m/n/10.95 (+20) ,
 []


Underfull \hbox (badness 10000) in paragraph at lines 821--821
[]\OT1/ptm/m/n/10.95 (+20) Timestamps (\OT1/cmtt/m/n/10.95 sent[]at\OT1/ptm/m/n
/10.95 (+20) ,
 []


Underfull \hbox (badness 3000) in paragraph at lines 825--825
[]\OT1/ptm/m/n/10.95 (+20) GPS block (\OT1/cmtt/m/n/10.95 lat\OT1/ptm/m/n/10.95
 (+20) , \OT1/cmtt/m/n/10.95 lon\OT1/ptm/m/n/10.95 (+20) , \OT1/cmtt/m/n/10.95 
gps[]source\OT1/ptm/m/n/10.95 (+20) ,
 []


Underfull \hbox (badness 1226) in paragraph at lines 827--827
[]\OT1/ptm/m/n/10.95 (+20) OBD-II con-text (RPM, load, throt-tle,
 []


Underfull \hbox (badness 10000) in paragraph at lines 829--829
[]\OT1/ptm/m/n/10.95 (+20) Housekeeping (\OT1/cmtt/m/n/10.95 source[]device\OT1
/ptm/m/n/10.95 (+20) ,
 []


Underfull \hbox (badness 10000) in paragraph at lines 829--829
\OT1/cmtt/m/n/10.95 channel[]used\OT1/ptm/m/n/10.95 (+20) , \OT1/cmtt/m/n/10.95
 seq\OT1/ptm/m/n/10.95 (+20) , \OT1/cmtt/m/n/10.95 odometer[]km\OT1/ptm/m/n/10.
95 (+20) ,
 []



File: figure/../format/dlsu_thesis_paper_letterhead.pdf Graphic file (type pdf)

<use figure/../format/dlsu_thesis_paper_letterhead.pdf>
Package pdftex.def Info: figure/../format/dlsu_thesis_paper_letterhead.pdf  use
d on input line 847.
(pdftex.def)             Requested size: 614.31223pt x 794.99231pt.
[136]

File: figure/../format/dlsu_thesis_paper_letterhead.pdf Graphic file (type pdf)

<use figure/../format/dlsu_thesis_paper_letterhead.pdf>
Package pdftex.def Info: figure/../format/dlsu_thesis_paper_letterhead.pdf  use
d on input line 874.
(pdftex.def)             Requested size: 614.31223pt x 794.99231pt.
[137]

File: figure/../format/dlsu_thesis_paper_letterhead.pdf Graphic file (type pdf)

<use figure/../format/dlsu_thesis_paper_letterhead.pdf>
Package pdftex.def Info: figure/../format/dlsu_thesis_paper_letterhead.pdf  use
d on input line 886.
(pdftex.def)             Requested size: 614.31223pt x 794.99231pt.
[138]
Overfull \hbox (13.84895pt too wide) in paragraph at lines 893--894
\OT1/ptm/m/n/12 (-20) When any live chan-nel re-turns HTTP 2xx, Core 0 re-names
 \OT1/cmtt/m/n/12 /tel[]buf.log \OT1/ptm/m/n/12 (-20) to \OT1/cmtt/m/n/12 /tel[
]flush.log\OT1/ptm/m/n/12 (-20) .
 []



File: figure/../format/dlsu_thesis_paper_letterhead.pdf Graphic file (type pdf)

<use figure/../format/dlsu_thesis_paper_letterhead.pdf>
Package pdftex.def Info: figure/../format/dlsu_thesis_paper_letterhead.pdf  use
d on input line 898.
(pdftex.def)             Requested size: 614.31223pt x 794.99231pt.
[139]

File: figure/../format/dlsu_thesis_paper_letterhead.pdf Graphic file (type pdf)

<use figure/../format/dlsu_thesis_paper_letterhead.pdf>
Package pdftex.def Info: figure/../format/dlsu_thesis_paper_letterhead.pdf  use
d on input line 906.
(pdftex.def)             Requested size: 614.31223pt x 794.99231pt.
[140]

File: figure/../format/dlsu_thesis_paper_letterhead.pdf Graphic file (type pdf)

<use figure/../format/dlsu_thesis_paper_letterhead.pdf>
Package pdftex.def Info: figure/../format/dlsu_thesis_paper_letterhead.pdf  use
d on input line 915.
(pdftex.def)             Requested size: 614.31223pt x 794.99231pt.
[141]

File: figure/../format/dlsu_thesis_paper_letterhead.pdf Graphic file (type pdf)

<use figure/../format/dlsu_thesis_paper_letterhead.pdf>
Package pdftex.def Info: figure/../format/dlsu_thesis_paper_letterhead.pdf  use
d on input line 926.
(pdftex.def)             Requested size: 614.31223pt x 794.99231pt.
[142]
Package microtype Info: Loading generic protrusion settings for font family
(microtype)             `cmtt' (encoding: TS1).
(microtype)             For optimal results, create family-specific settings.
(microtype)             See the microtype manual for details.


File: figure/../format/dlsu_thesis_paper_letterhead.pdf Graphic file (type pdf)

<use figure/../format/dlsu_thesis_paper_letterhead.pdf>
Package pdftex.def Info: figure/../format/dlsu_thesis_paper_letterhead.pdf  use
d on input line 950.
(pdftex.def)             Requested size: 614.31223pt x 794.99231pt.
[143]

File: figure/../format/dlsu_thesis_paper_letterhead.pdf Graphic file (type pdf)

<use figure/../format/dlsu_thesis_paper_letterhead.pdf>
Package pdftex.def Info: figure/../format/dlsu_thesis_paper_letterhead.pdf  use
d on input line 993.
(pdftex.def)             Requested size: 614.31223pt x 794.99231pt.
[144]

File: figure/../format/dlsu_thesis_paper_letterhead.pdf Graphic file (type pdf)

<use figure/../format/dlsu_thesis_paper_letterhead.pdf>
Package pdftex.def Info: figure/../format/dlsu_thesis_paper_letterhead.pdf  use
d on input line 1022.
(pdftex.def)             Requested size: 614.31223pt x 794.99231pt.
[145]

File: figure/../format/dlsu_thesis_paper_letterhead.pdf Graphic file (type pdf)

<use figure/../format/dlsu_thesis_paper_letterhead.pdf>
Package pdftex.def Info: figure/../format/dlsu_thesis_paper_letterhead.pdf  use
d on input line 1045.
(pdftex.def)             Requested size: 614.31223pt x 794.99231pt.
[146]
Overfull \hbox (20.09395pt too wide) in paragraph at lines 1057--1057
[]\OT1/cmtt/m/n/12 GPS[]FIX[]TIMEOUT[]MS
 []


Underfull \hbox (badness 10000) in paragraph at lines 1057--1057

 []



File: figure/../format/dlsu_thesis_paper_letterhead.pdf Graphic file (type pdf)

<use figure/../format/dlsu_thesis_paper_letterhead.pdf>
Package pdftex.def Info: figure/../format/dlsu_thesis_paper_letterhead.pdf  use
d on input line 1069.
(pdftex.def)             Requested size: 614.31223pt x 794.99231pt.
[147]
Underfull \hbox (badness 3058) in paragraph at lines 1080--1081
[]\OT1/ptm/m/n/9 (+20) User iden-ti-fier, role, as-signed fleet-
 []


Underfull \hbox (badness 2698) in paragraph at lines 1082--1083
[]\OT1/ptm/m/n/9 (+20) Vehicle iden-ti-fier, fleet-vehicle code,
 []


Underfull \hbox (badness 1087) in paragraph at lines 1084--1085
[]\OT1/ptm/m/n/9 (+20) Trip iden-ti-fier, fleet-vehicle iden-ti-fier,
 []

<figure/fig_5_6_erd.png, id=3098, 1245.65375pt x 1275.76625pt>
File: figure/fig_5_6_erd.png Graphic file (type png)
<use figure/fig_5_6_erd.png>
Package pdftex.def Info: figure/fig_5_6_erd.png  used on input line 1106.
(pdftex.def)             Requested size: 407.88318pt x 417.73378pt.


File: figure/../format/dlsu_thesis_paper_letterhead.pdf Graphic file (type pdf)

<use figure/../format/dlsu_thesis_paper_letterhead.pdf>
Package pdftex.def Info: figure/../format/dlsu_thesis_paper_letterhead.pdf  use
d on input line 1112.
(pdftex.def)             Requested size: 614.31223pt x 794.99231pt.
[148]

File: figure/../format/dlsu_thesis_paper_letterhead.pdf Graphic file (type pdf)

<use figure/../format/dlsu_thesis_paper_letterhead.pdf>
Package pdftex.def Info: figure/../format/dlsu_thesis_paper_letterhead.pdf  use
d on input line 1112.
(pdftex.def)             Requested size: 614.31223pt x 794.99231pt.
[149 <./figure/fig_5_6_erd.png>]
<figure/fig_5_6b_state_sync.png, id=3109, 812.03375pt x 359.3425pt>
File: figure/fig_5_6b_state_sync.png Graphic file (type png)
<use figure/fig_5_6b_state_sync.png>
Package pdftex.def Info: figure/fig_5_6b_state_sync.png  used on input line 111
7.
(pdftex.def)             Requested size: 407.88318pt x 180.49327pt.


File: figure/../format/dlsu_thesis_paper_letterhead.pdf Graphic file (type pdf)

<use figure/../format/dlsu_thesis_paper_letterhead.pdf>
Package pdftex.def Info: figure/../format/dlsu_thesis_paper_letterhead.pdf  use
d on input line 1123.
(pdftex.def)             Requested size: 614.31223pt x 794.99231pt.
[150 <./figure/fig_5_6b_state_sync.png>]

File: figure/../format/dlsu_thesis_paper_letterhead.pdf Graphic file (type pdf)

<use figure/../format/dlsu_thesis_paper_letterhead.pdf>
Package pdftex.def Info: figure/../format/dlsu_thesis_paper_letterhead.pdf  use
d on input line 1131.
(pdftex.def)             Requested size: 614.31223pt x 794.99231pt.
[151]
Underfull \hbox (badness 10000) in paragraph at lines 1146--1146
[]\OT1/ptm/m/n/9 (+20) backend
 []


Underfull \hbox (badness 2302) in paragraph at lines 1148--1148
[]\OT1/ptm/m/n/9 (+20) backend trip ag-gre-ga-
 []


Underfull \hbox (badness 4556) in paragraph at lines 1148--1149
[]\OT1/ptm/m/n/9 (+20) Dashboard ban-ner + planned
 []



File: figure/../format/dlsu_thesis_paper_letterhead.pdf Graphic file (type pdf)

<use figure/../format/dlsu_thesis_paper_letterhead.pdf>
Package pdftex.def Info: figure/../format/dlsu_thesis_paper_letterhead.pdf  use
d on input line 1186.
(pdftex.def)             Requested size: 614.31223pt x 794.99231pt.
[152]

File: figure/../format/dlsu_thesis_paper_letterhead.pdf Graphic file (type pdf)

<use figure/../format/dlsu_thesis_paper_letterhead.pdf>
Package pdftex.def Info: figure/../format/dlsu_thesis_paper_letterhead.pdf  use
d on input line 1195.
(pdftex.def)             Requested size: 614.31223pt x 794.99231pt.
[153]

File: figure/../format/dlsu_thesis_paper_letterhead.pdf Graphic file (type pdf)

<use figure/../format/dlsu_thesis_paper_letterhead.pdf>
Package pdftex.def Info: figure/../format/dlsu_thesis_paper_letterhead.pdf  use
d on input line 1225.
(pdftex.def)             Requested size: 614.31223pt x 794.99231pt.
[154]

File: figure/../format/dlsu_thesis_paper_letterhead.pdf Graphic file (type pdf)

<use figure/../format/dlsu_thesis_paper_letterhead.pdf>
Package pdftex.def Info: figure/../format/dlsu_thesis_paper_letterhead.pdf  use
d on input line 1243.
(pdftex.def)             Requested size: 614.31223pt x 794.99231pt.
[155]

File: figure/../format/dlsu_thesis_paper_letterhead.pdf Graphic file (type pdf)

<use figure/../format/dlsu_thesis_paper_letterhead.pdf>
Package pdftex.def Info: figure/../format/dlsu_thesis_paper_letterhead.pdf  use
d on input line 1269.
(pdftex.def)             Requested size: 614.31223pt x 794.99231pt.
[156]

File: figure/../format/dlsu_thesis_paper_letterhead.pdf Graphic file (type pdf)

<use figure/../format/dlsu_thesis_paper_letterhead.pdf>
Package pdftex.def Info: figure/../format/dlsu_thesis_paper_letterhead.pdf  use
d on input line 1287.
(pdftex.def)             Requested size: 614.31223pt x 794.99231pt.
[157]
Underfull \hbox (badness 10000) in paragraph at lines 1307--1307
[]\OT1/ptm/m/n/10.95 (+20) Backend-issued at fleet-
 []


Underfull \hbox (badness 10000) in paragraph at lines 1307--1308
[]\OT1/ptm/m/n/10.95 (+20) Every teleme-try
 []


Underfull \hbox (badness 7486) in paragraph at lines 1307--1308
\OT1/ptm/m/n/10.95 (+20) row, ev-ery alert,
 []


Underfull \hbox (badness 10000) in paragraph at lines 1307--1308
\OT1/ptm/m/n/10.95 (+20) ev-ery dash-board
 []


Underfull \hbox (badness 10000) in paragraph at lines 1309--1309
[]\OT1/ptm/m/n/10.95 (+20) Human-readable
 []


Underfull \hbox (badness 10000) in paragraph at lines 1309--1310
[]\OT1/ptm/m/n/10.95 (+20) Dashboard cards,
 []


Underfull \hbox (badness 10000) in paragraph at lines 1309--1310
\OT1/ptm/m/n/10.95 (+20) alert mes-sages,
 []


Underfull \hbox (badness 1521) in paragraph at lines 1311--1311
[]\OT1/ptm/m/n/10.95 (+20) Backend-issued at driver-
 []


Underfull \hbox (badness 10000) in paragraph at lines 1313--1314
[]\OT1/ptm/m/n/10.95 (+20) Server-side
 []


Underfull \hbox (badness 10000) in paragraph at lines 1313--1314
\OT1/cmtt/m/n/10.95 X-Device-Key
 []


Underfull \hbox (badness 3872) in paragraph at lines 1313--1314
\OT1/ptm/m/n/10.95 (+20) header au-then-ti-ca-
 []


Underfull \hbox (badness 10000) in paragraph at lines 1317--1317
[]\OT1/ptm/m/n/10.95 (+20) Monotonic 30-bit
 []


Underfull \hbox (badness 10000) in paragraph at lines 1317--1317
[]\OT1/ptm/m/n/10.95 (+20) HMI \OT1/cmtt/m/n/10.95 BASE[]SEQ \OT1/ptm/m/n/10.95
 (+20) + row
 []


Underfull \hbox (badness 1584) in paragraph at lines 1321--1321
[]\OT1/ptm/m/n/10.95 (+20) 48-bit ESP32 fac-
 []


Underfull \hbox (badness 10000) in paragraph at lines 1321--1322
[]\OT1/ptm/m/n/10.95 (+20) Not cur-rently
 []


Underfull \hbox (badness 10000) in paragraph at lines 1321--1322
\OT1/ptm/m/n/10.95 (+20) used at run-time;
 []


Underfull \hbox (badness 10000) in paragraph at lines 1321--1322
\OT1/ptm/m/n/10.95 (+20) re-served for the
 []


Underfull \hbox (badness 10000) in paragraph at lines 1321--1322
\OT1/ptm/m/n/10.95 (+17) hardware-anchored
 []


Underfull \hbox (badness 5771) in paragraph at lines 1321--1322
\OT1/ptm/m/n/10.95 (+20) iden-tity ex-ten-sion
 []



File: figure/../format/dlsu_thesis_paper_letterhead.pdf Graphic file (type pdf)

<use figure/../format/dlsu_thesis_paper_letterhead.pdf>
Package pdftex.def Info: figure/../format/dlsu_thesis_paper_letterhead.pdf  use
d on input line 1330.
(pdftex.def)             Requested size: 614.31223pt x 794.99231pt.
[158]

File: figure/../format/dlsu_thesis_paper_letterhead.pdf Graphic file (type pdf)

<use figure/../format/dlsu_thesis_paper_letterhead.pdf>
Package pdftex.def Info: figure/../format/dlsu_thesis_paper_letterhead.pdf  use
d on input line 1330.
(pdftex.def)             Requested size: 614.31223pt x 794.99231pt.
[159]

File: figure/../format/dlsu_thesis_paper_letterhead.pdf Graphic file (type pdf)

<use figure/../format/dlsu_thesis_paper_letterhead.pdf>
Package pdftex.def Info: figure/../format/dlsu_thesis_paper_letterhead.pdf  use
d on input line 1339.
(pdftex.def)             Requested size: 614.31223pt x 794.99231pt.
[160]

File: figure/../format/dlsu_thesis_paper_letterhead.pdf Graphic file (type pdf)

<use figure/../format/dlsu_thesis_paper_letterhead.pdf>
Package pdftex.def Info: figure/../format/dlsu_thesis_paper_letterhead.pdf  use
d on input line 1366.
(pdftex.def)             Requested size: 614.31223pt x 794.99231pt.
[161]
Underfull \hbox (badness 10000) in paragraph at lines 1398--1398
[]\OT1/cmtt/m/n/9 fuel[]drop[]per[]rpm\OT1/ptm/m/n/9 (+20) ,
 []


Underfull \hbox (badness 10000) in paragraph at lines 1398--1398
\OT1/cmtt/m/n/9 fuel[]drop[]per[]load\OT1/ptm/m/n/9 (+20) , and
 []


Underfull \hbox (badness 10000) in paragraph at lines 1398--1398
\OT1/cmtt/m/n/9 expected[]consumption[]residual
 []


Underfull \hbox (badness 10000) in paragraph at lines 1398--1398
[]\OT1/cmtt/m/n/9 idle[]duration[]score \OT1/ptm/m/n/9 (+20) and
 []


Underfull \hbox (badness 10000) in paragraph at lines 1398--1398
[]\OT1/cmtt/m/n/9 driver[]kmpl[]deviation[]pct \OT1/ptm/m/n/9 (+20) and
 []


Underfull \hbox (badness 10000) in paragraph at lines 1398--1398
[]\OT1/cmtt/m/n/9 time[]since[]refuel[]norm\OT1/ptm/m/n/9 (+20) ,
 []


Underfull \hbox (badness 10000) in paragraph at lines 1398--1398
\OT1/cmtt/m/n/9 post[]refuel[]flag\OT1/ptm/m/n/9 (+20) , and con-tex-tual
 []

<figure/thesis_defense_pipeline_v2.png, id=3183, 1127.21124pt x 805.0075pt>
File: figure/thesis_defense_pipeline_v2.png Graphic file (type png)
<use figure/thesis_defense_pipeline_v2.png>
Package pdftex.def Info: figure/thesis_defense_pipeline_v2.png  used on input l
ine 1408.
(pdftex.def)             Requested size: 407.88318pt x 291.28877pt.


File: figure/../format/dlsu_thesis_paper_letterhead.pdf Graphic file (type pdf)

<use figure/../format/dlsu_thesis_paper_letterhead.pdf>
Package pdftex.def Info: figure/../format/dlsu_thesis_paper_letterhead.pdf  use
d on input line 1414.
(pdftex.def)             Requested size: 614.31223pt x 794.99231pt.
[162]

File: figure/../format/dlsu_thesis_paper_letterhead.pdf Graphic file (type pdf)

<use figure/../format/dlsu_thesis_paper_letterhead.pdf>
Package pdftex.def Info: figure/../format/dlsu_thesis_paper_letterhead.pdf  use
d on input line 1414.
(pdftex.def)             Requested size: 614.31223pt x 794.99231pt.
[163]

File: figure/../format/dlsu_thesis_paper_letterhead.pdf Graphic file (type pdf)

<use figure/../format/dlsu_thesis_paper_letterhead.pdf>
Package pdftex.def Info: figure/../format/dlsu_thesis_paper_letterhead.pdf  use
d on input line 1416.
(pdftex.def)             Requested size: 614.31223pt x 794.99231pt.
[164 <./figure/thesis_defense_pipeline_v2.png>]

File: figure/../format/dlsu_thesis_paper_letterhead.pdf Graphic file (type pdf)

<use figure/../format/dlsu_thesis_paper_letterhead.pdf>
Package pdftex.def Info: figure/../format/dlsu_thesis_paper_letterhead.pdf  use
d on input line 1420.
(pdftex.def)             Requested size: 614.31223pt x 794.99231pt.
[165]

File: figure/../format/dlsu_thesis_paper_letterhead.pdf Graphic file (type pdf)

<use figure/../format/dlsu_thesis_paper_letterhead.pdf>
Package pdftex.def Info: figure/../format/dlsu_thesis_paper_letterhead.pdf  use
d on input line 1422.
(pdftex.def)             Requested size: 614.31223pt x 794.99231pt.
[166]

File: figure/../format/dlsu_thesis_paper_letterhead.pdf Graphic file (type pdf)

<use figure/../format/dlsu_thesis_paper_letterhead.pdf>
Package pdftex.def Info: figure/../format/dlsu_thesis_paper_letterhead.pdf  use
d on input line 1426.
(pdftex.def)             Requested size: 614.31223pt x 794.99231pt.
[167]
<figure/Fig_5_11_Anomaly_Pipeline_light.png, id=3220, 1376.14125pt x 352.31625p
t>
File: figure/Fig_5_11_Anomaly_Pipeline_light.png Graphic file (type png)
<use figure/Fig_5_11_Anomaly_Pipeline_light.png>
Package pdftex.def Info: figure/Fig_5_11_Anomaly_Pipeline_light.png  used on in
put line 1433.
(pdftex.def)             Requested size: 429.3521pt x 109.92114pt.


File: figure/../format/dlsu_thesis_paper_letterhead.pdf Graphic file (type pdf)

<use figure/../format/dlsu_thesis_paper_letterhead.pdf>
Package pdftex.def Info: figure/../format/dlsu_thesis_paper_letterhead.pdf  use
d on input line 1442.
(pdftex.def)             Requested size: 614.31223pt x 794.99231pt.
[168 <./figure/Fig_5_11_Anomaly_Pipeline_light.png>]

File: figure/../format/dlsu_thesis_paper_letterhead.pdf Graphic file (type pdf)

<use figure/../format/dlsu_thesis_paper_letterhead.pdf>
Package pdftex.def Info: figure/../format/dlsu_thesis_paper_letterhead.pdf  use
d on input line 1483.
(pdftex.def)             Requested size: 614.31223pt x 794.99231pt.
[169]

File: figure/../format/dlsu_thesis_paper_letterhead.pdf Graphic file (type pdf)

<use figure/../format/dlsu_thesis_paper_letterhead.pdf>
Package pdftex.def Info: figure/../format/dlsu_thesis_paper_letterhead.pdf  use
d on input line 1489.
(pdftex.def)             Requested size: 614.31223pt x 794.99231pt.
[170]
Overfull \hbox (15.23145pt too wide) in paragraph at lines 1507--1507
[]$\OML/cmm/m/it/12 ^^NF[]; ^^Ns[]; ^^N![]; ^^NL[]; ^^N^^R[]$
 []


Underfull \hbox (badness 10000) in paragraph at lines 1507--1507

 []



File: figure/../format/dlsu_thesis_paper_letterhead.pdf Graphic file (type pdf)

<use figure/../format/dlsu_thesis_paper_letterhead.pdf>
Package pdftex.def Info: figure/../format/dlsu_thesis_paper_letterhead.pdf  use
d on input line 1515.
(pdftex.def)             Requested size: 614.31223pt x 794.99231pt.
[171]

File: figure/../format/dlsu_thesis_paper_letterhead.pdf Graphic file (type pdf)

<use figure/../format/dlsu_thesis_paper_letterhead.pdf>
Package pdftex.def Info: figure/../format/dlsu_thesis_paper_letterhead.pdf  use
d on input line 1542.
(pdftex.def)             Requested size: 614.31223pt x 794.99231pt.
[172]

File: figure/../format/dlsu_thesis_paper_letterhead.pdf Graphic file (type pdf)

<use figure/../format/dlsu_thesis_paper_letterhead.pdf>
Package pdftex.def Info: figure/../format/dlsu_thesis_paper_letterhead.pdf  use
d on input line 1549.
(pdftex.def)             Requested size: 614.31223pt x 794.99231pt.
[173]

File: figure/../format/dlsu_thesis_paper_letterhead.pdf Graphic file (type pdf)

<use figure/../format/dlsu_thesis_paper_letterhead.pdf>
Package pdftex.def Info: figure/../format/dlsu_thesis_paper_letterhead.pdf  use
d on input line 1578.
(pdftex.def)             Requested size: 614.31223pt x 794.99231pt.
[174]

File: figure/../format/dlsu_thesis_paper_letterhead.pdf Graphic file (type pdf)

<use figure/../format/dlsu_thesis_paper_letterhead.pdf>
Package pdftex.def Info: figure/../format/dlsu_thesis_paper_letterhead.pdf  use
d on input line 1594.
(pdftex.def)             Requested size: 614.31223pt x 794.99231pt.
[175]

File: figure/../format/dlsu_thesis_paper_letterhead.pdf Graphic file (type pdf)

<use figure/../format/dlsu_thesis_paper_letterhead.pdf>
Package pdftex.def Info: figure/../format/dlsu_thesis_paper_letterhead.pdf  use
d on input line 1613.
(pdftex.def)             Requested size: 614.31223pt x 794.99231pt.
[176]
Underfull \hbox (badness 10000) in paragraph at lines 1624--1624
[]$\OML/cmm/m/it/9 ^^AF[]$
 []


Underfull \hbox (badness 10000) in paragraph at lines 1624--1624
[]$\OMS/cmsy/m/n/9 ^^B$ \OT1/ptm/b/n/9 (+20) burn
 []


Underfull \hbox (badness 1199) in paragraph at lines 1656--1656
[]\OT1/ptm/m/n/9 (+20) Heavy le-git-i-mate con-
 []



File: figure/../format/dlsu_thesis_paper_letterhead.pdf Graphic file (type pdf)

<use figure/../format/dlsu_thesis_paper_letterhead.pdf>
Package pdftex.def Info: figure/../format/dlsu_thesis_paper_letterhead.pdf  use
d on input line 1664.
(pdftex.def)             Requested size: 614.31223pt x 794.99231pt.
[177]
Underfull \hbox (badness 10000) in paragraph at lines 1695--1695
[]\OT1/cmtt/m/n/8 fuel[]delta \OT1/ptm/m/n/8 (+20) /
 []


Overfull \hbox (22.29352pt too wide) in paragraph at lines 1701--1701
[]\OT1/cmtt/m/n/8 route[]segment[]performance
 []


Underfull \hbox (badness 10000) in paragraph at lines 1701--1701

 []


Overfull \hbox (5.29327pt too wide) in paragraph at lines 1703--1703
[]\OT1/cmtt/m/n/8 driver[]behavior[]score
 []


Underfull \hbox (badness 10000) in paragraph at lines 1703--1703

 []


Overfull \hbox (5.29327pt too wide) in paragraph at lines 1705--1705
[]\OT1/cmtt/m/n/8 engine[]rpm[]normalized
 []


Underfull \hbox (badness 10000) in paragraph at lines 1705--1705

 []


Overfull \hbox (25.14104pt too wide) in paragraph at lines 1711--1711
[]\OT1/cmtt/m/n/8 fuel[]drop[]while[]stationary
 []


Underfull \hbox (badness 10000) in paragraph at lines 1711--1711

 []


Overfull \hbox (19.91345pt too wide) in paragraph at lines 1713--1713
[]\OT1/cmtt/m/n/8 fuel[]drop[]with[]engine[]off
 []


Underfull \hbox (badness 10000) in paragraph at lines 1713--1713

 []


Overfull \hbox (8.3533pt too wide) in paragraph at lines 1723--1723
[]\OT1/cmtt/m/n/8 time[]since[]refuel[]norm
 []


Underfull \hbox (badness 10000) in paragraph at lines 1723--1723

 []


Overfull \hbox (8.3533pt too wide) in paragraph at lines 1727--1727
[]\OT1/cmtt/m/n/8 delta[]engine[]load[]norm
 []


Underfull \hbox (badness 10000) in paragraph at lines 1727--1727

 []


Overfull \hbox (39.29376pt too wide) in paragraph at lines 1733--1733
[]\OT1/cmtt/m/n/8 expected[]consumption[]residual
 []


Underfull \hbox (badness 10000) in paragraph at lines 1733--1733

 []


Underfull \hbox (badness 10000) in paragraph at lines 1747--1747
[]\OT1/ptm/m/n/8 (+20) Per-asset fuel-economy
 []


Overfull \hbox (21.10349pt too wide) in paragraph at lines 1749--1749
[]\OT1/cmtt/m/n/8 driver[]kmpl[]deviation[]pct
 []


Underfull \hbox (badness 10000) in paragraph at lines 1749--1749

 []

File: figure/../format/dlsu_thesis_paper_letterhead.pdf Graphic file (type pdf)

<use figure/../format/dlsu_thesis_paper_letterhead.pdf>
Package pdftex.def Info: figure/../format/dlsu_thesis_paper_letterhead.pdf  use
d on input line 1753.
(pdftex.def)             Requested size: 614.31223pt x 794.99231pt.
[178]
File: figure/../format/dlsu_thesis_paper_letterhead.pdf Graphic file (type pdf)

<use figure/../format/dlsu_thesis_paper_letterhead.pdf>
Package pdftex.def Info: figure/../format/dlsu_thesis_paper_letterhead.pdf  use
d on input line 1753.
(pdftex.def)             Requested size: 614.31223pt x 794.99231pt.
 [179]

File: figure/../format/dlsu_thesis_paper_letterhead.pdf Graphic file (type pdf)

<use figure/../format/dlsu_thesis_paper_letterhead.pdf>
Package pdftex.def Info: figure/../format/dlsu_thesis_paper_letterhead.pdf  use
d on input line 1764.
(pdftex.def)             Requested size: 614.31223pt x 794.99231pt.
[180]

File: figure/../format/dlsu_thesis_paper_letterhead.pdf Graphic file (type pdf)

<use figure/../format/dlsu_thesis_paper_letterhead.pdf>
Package pdftex.def Info: figure/../format/dlsu_thesis_paper_letterhead.pdf  use
d on input line 1774.
(pdftex.def)             Requested size: 614.31223pt x 794.99231pt.
[181]

File: figure/../format/dlsu_thesis_paper_letterhead.pdf Graphic file (type pdf)

<use figure/../format/dlsu_thesis_paper_letterhead.pdf>
Package pdftex.def Info: figure/../format/dlsu_thesis_paper_letterhead.pdf  use
d on input line 1796.
(pdftex.def)             Requested size: 614.31223pt x 794.99231pt.
[182]
Underfull \hbox (badness 10000) in paragraph at lines 1838--1838
[]\OT1/ptm/m/n/9 (+20) Random axis-
 []


Underfull \hbox (badness 2126) in paragraph at lines 1838--1838
[]$\OML/cmm/m/it/9 q[]$ \OT1/ptm/m/n/9 (+20) per con-
 []



File: figure/../format/dlsu_thesis_paper_letterhead.pdf Graphic file (type pdf)

<use figure/../format/dlsu_thesis_paper_letterhead.pdf>
Package pdftex.def Info: figure/../format/dlsu_thesis_paper_letterhead.pdf  use
d on input line 1842.
(pdftex.def)             Requested size: 614.31223pt x 794.99231pt.
[183]
Overfull \hbox (58.99937pt too wide) in paragraph at lines 1848--1849
\OT1/ptm/m/n/12 (-20) For a $\OML/cmm/m/it/12 z$\OT1/ptm/m/n/12 (-20) -normalis
ed uni-vari-ate fuel time se-ries $[] \OMS/cmsy/m/n/12 2 \U/msb/m/n/12 R[]$ \OT
1/ptm/m/n/12 (-20) of length $\OML/cmm/m/it/12 N$ \OT1/ptm/m/n/12 (-20) de-rive
d from \OT1/cmtt/m/n/12 fuel[]level[]filtered\OT1/ptm/m/n/12 (-20) ,
 []



File: figure/../format/dlsu_thesis_paper_letterhead.pdf Graphic file (type pdf)

<use figure/../format/dlsu_thesis_paper_letterhead.pdf>
Package pdftex.def Info: figure/../format/dlsu_thesis_paper_letterhead.pdf  use
d on input line 1852.
(pdftex.def)             Requested size: 614.31223pt x 794.99231pt.
[184]
Overfull \hbox (1.40083pt too wide) in paragraph at lines 1863--1864
\OT1/ptm/m/n/12 (-20) small $\OML/cmm/m/it/12 P[]$ \OT1/ptm/m/n/12 (-20) means 
the subsequence repeats often, large $\OML/cmm/m/it/12 P[]$ \OT1/ptm/m/n/12 (-2
0) means the subsequence is a \OT1/ptm/m/it/12 (-20) discord \OT1/ptm/m/n/12 (-
20) ---
 []



File: figure/../format/dlsu_thesis_paper_letterhead.pdf Graphic file (type pdf)

<use figure/../format/dlsu_thesis_paper_letterhead.pdf>
Package pdftex.def Info: figure/../format/dlsu_thesis_paper_letterhead.pdf  use
d on input line 1872.
(pdftex.def)             Requested size: 614.31223pt x 794.99231pt.
[185]

File: figure/../format/dlsu_thesis_paper_letterhead.pdf Graphic file (type pdf)

<use figure/../format/dlsu_thesis_paper_letterhead.pdf>
Package pdftex.def Info: figure/../format/dlsu_thesis_paper_letterhead.pdf  use
d on input line 1892.
(pdftex.def)             Requested size: 614.31223pt x 794.99231pt.
[186]

File: figure/../format/dlsu_thesis_paper_letterhead.pdf Graphic file (type pdf)

<use figure/../format/dlsu_thesis_paper_letterhead.pdf>
Package pdftex.def Info: figure/../format/dlsu_thesis_paper_letterhead.pdf  use
d on input line 1919.
(pdftex.def)             Requested size: 614.31223pt x 794.99231pt.
[187]

File: figure/../format/dlsu_thesis_paper_letterhead.pdf Graphic file (type pdf)

<use figure/../format/dlsu_thesis_paper_letterhead.pdf>
Package pdftex.def Info: figure/../format/dlsu_thesis_paper_letterhead.pdf  use
d on input line 1925.
(pdftex.def)             Requested size: 614.31223pt x 794.99231pt.
[188]
LaTeX Font Info:    Font shape `OT1/cmtt/bx/n' in size <12> not available
(Font)              Font shape `OT1/cmtt/m/n' tried instead on input line 1934.



File: figure/../format/dlsu_thesis_paper_letterhead.pdf Graphic file (type pdf)

<use figure/../format/dlsu_thesis_paper_letterhead.pdf>
Package pdftex.def Info: figure/../format/dlsu_thesis_paper_letterhead.pdf  use
d on input line 1935.
(pdftex.def)             Requested size: 614.31223pt x 794.99231pt.
[189]

File: figure/../format/dlsu_thesis_paper_letterhead.pdf Graphic file (type pdf)

<use figure/../format/dlsu_thesis_paper_letterhead.pdf>
Package pdftex.def Info: figure/../format/dlsu_thesis_paper_letterhead.pdf  use
d on input line 1939.
(pdftex.def)             Requested size: 614.31223pt x 794.99231pt.
[190]

File: figure/../format/dlsu_thesis_paper_letterhead.pdf Graphic file (type pdf)

<use figure/../format/dlsu_thesis_paper_letterhead.pdf>
Package pdftex.def Info: figure/../format/dlsu_thesis_paper_letterhead.pdf  use
d on input line 1946.
(pdftex.def)             Requested size: 614.31223pt x 794.99231pt.
[191]
Overfull \hbox (44.63153pt too wide) in paragraph at lines 1947--1948
\OT1/ptm/m/n/12 (-20) lookups re-quired by \OT1/cmtt/m/n/12 postRefuel \OT1/ptm
/m/n/12 (-20) (needs the most re-cent re-fuel times-tamp) and \OT1/cmtt/m/n/12 
coldStartSuppress
 []



File: figure/../format/dlsu_thesis_paper_letterhead.pdf Graphic file (type pdf)

<use figure/../format/dlsu_thesis_paper_letterhead.pdf>
Package pdftex.def Info: figure/../format/dlsu_thesis_paper_letterhead.pdf  use
d on input line 1952.
(pdftex.def)             Requested size: 614.31223pt x 794.99231pt.
[192]
Underfull \hbox (badness 1527) in paragraph at lines 1986--1986
\OT1/ptm/m/n/9 (+20) so-lute noise (%), drift at
 []


Underfull \hbox (badness 10000) in paragraph at lines 1986--1986
[]\OT1/ptm/m/n/9 (+20) Median + p95 la-tency,
 []


Underfull \hbox (badness 10000) in paragraph at lines 1986--1986
\OT1/ptm/m/n/9 (+20) packet-success frac-tion,
 []


Underfull \hbox (badness 10000) in paragraph at lines 1986--1986
\OT1/ptm/m/n/9 (+20) SPIFFS-replay share,
 []


Underfull \hbox (badness 10000) in paragraph at lines 1986--1986
\OT1/ptm/m/n/9 (+20) driver-response cap-ture,
 []



File: figure/../format/dlsu_thesis_paper_letterhead.pdf Graphic file (type pdf)

<use figure/../format/dlsu_thesis_paper_letterhead.pdf>
Package pdftex.def Info: figure/../format/dlsu_thesis_paper_letterhead.pdf  use
d on input line 1991.
(pdftex.def)             Requested size: 614.31223pt x 794.99231pt.
[193]

File: figure/../format/dlsu_thesis_paper_letterhead.pdf Graphic file (type pdf)

<use figure/../format/dlsu_thesis_paper_letterhead.pdf>
Package pdftex.def Info: figure/../format/dlsu_thesis_paper_letterhead.pdf  use
d on input line 1999.
(pdftex.def)             Requested size: 614.31223pt x 794.99231pt.
[194]

File: figure/../format/dlsu_thesis_paper_letterhead.pdf Graphic file (type pdf)

<use figure/../format/dlsu_thesis_paper_letterhead.pdf>
Package pdftex.def Info: figure/../format/dlsu_thesis_paper_letterhead.pdf  use
d on input line 2016.
(pdftex.def)             Requested size: 614.31223pt x 794.99231pt.
[195]

Package hyperref Warning: Token not allowed in a PDF string (Unicode):
(hyperref)                removing `math shift' on input line 2021.


Package hyperref Warning: Token not allowed in a PDF string (Unicode):
(hyperref)                removing `superscript' on input line 2021.


Package hyperref Warning: Token not allowed in a PDF string (Unicode):
(hyperref)                removing `math shift' on input line 2021.



File: figure/../format/dlsu_thesis_paper_letterhead.pdf Graphic file (type pdf)

<use figure/../format/dlsu_thesis_paper_letterhead.pdf>
Package pdftex.def Info: figure/../format/dlsu_thesis_paper_letterhead.pdf  use
d on input line 2030.
(pdftex.def)             Requested size: 614.31223pt x 794.99231pt.
[196]

File: figure/../format/dlsu_thesis_paper_letterhead.pdf Graphic file (type pdf)

<use figure/../format/dlsu_thesis_paper_letterhead.pdf>
Package pdftex.def Info: figure/../format/dlsu_thesis_paper_letterhead.pdf  use
d on input line 2035.
(pdftex.def)             Requested size: 614.31223pt x 794.99231pt.
[197]

File: figure/../format/dlsu_thesis_paper_letterhead.pdf Graphic file (type pdf)

<use figure/../format/dlsu_thesis_paper_letterhead.pdf>
Package pdftex.def Info: figure/../format/dlsu_thesis_paper_letterhead.pdf  use
d on input line 2052.
(pdftex.def)             Requested size: 614.31223pt x 794.99231pt.
[198]

File: figure/../format/dlsu_thesis_paper_letterhead.pdf Graphic file (type pdf)

<use figure/../format/dlsu_thesis_paper_letterhead.pdf>
Package pdftex.def Info: figure/../format/dlsu_thesis_paper_letterhead.pdf  use
d on input line 2104.
(pdftex.def)             Requested size: 614.31223pt x 794.99231pt.
[199]
Overfull \hbox (0.46269pt too wide) in paragraph at lines 2109--2109
[]\OT1/phv/b/n/17.28 (-20) Data Col-lec-tion and Research-Ethics Pro-ce-dure 
 []



File: figure/../format/dlsu_thesis_paper_letterhead.pdf Graphic file (type pdf)

<use figure/../format/dlsu_thesis_paper_letterhead.pdf>
Package pdftex.def Info: figure/../format/dlsu_thesis_paper_letterhead.pdf  use
d on input line 2112.
(pdftex.def)             Requested size: 614.31223pt x 794.99231pt.
[200]

File: figure/../format/dlsu_thesis_paper_letterhead.pdf Graphic file (type pdf)

<use figure/../format/dlsu_thesis_paper_letterhead.pdf>
Package pdftex.def Info: figure/../format/dlsu_thesis_paper_letterhead.pdf  use
d on input line 2131.
(pdftex.def)             Requested size: 614.31223pt x 794.99231pt.
[201]

File: figure/../format/dlsu_thesis_paper_letterhead.pdf Graphic file (type pdf)

<use figure/../format/dlsu_thesis_paper_letterhead.pdf>
Package pdftex.def Info: figure/../format/dlsu_thesis_paper_letterhead.pdf  use
d on input line 2145.
(pdftex.def)             Requested size: 614.31223pt x 794.99231pt.
[202]

File: figure/../format/dlsu_thesis_paper_letterhead.pdf Graphic file (type pdf)

<use figure/../format/dlsu_thesis_paper_letterhead.pdf>
Package pdftex.def Info: figure/../format/dlsu_thesis_paper_letterhead.pdf  use
d on input line 2163.
(pdftex.def)             Requested size: 614.31223pt x 794.99231pt.
[203]

File: figure/../format/dlsu_thesis_paper_letterhead.pdf Graphic file (type pdf)

<use figure/../format/dlsu_thesis_paper_letterhead.pdf>
Package pdftex.def Info: figure/../format/dlsu_thesis_paper_letterhead.pdf  use
d on input line 2177.
(pdftex.def)             Requested size: 614.31223pt x 794.99231pt.
[204]

File: figure/../format/dlsu_thesis_paper_letterhead.pdf Graphic file (type pdf)

<use figure/../format/dlsu_thesis_paper_letterhead.pdf>
Package pdftex.def Info: figure/../format/dlsu_thesis_paper_letterhead.pdf  use
d on input line 2196.
(pdftex.def)             Requested size: 614.31223pt x 794.99231pt.
[205])

File: figure/../format/dlsu_thesis_paper_letterhead.pdf Graphic file (type pdf)

<use figure/../format/dlsu_thesis_paper_letterhead.pdf>
Package pdftex.def Info: figure/../format/dlsu_thesis_paper_letterhead.pdf  use
d on input line 280.
(pdftex.def)             Requested size: 614.31223pt x 794.99231pt.
[206]

File: figure/../format/dlsu_thesis_paper_letterhead.pdf Graphic file (type pdf)

<use figure/../format/dlsu_thesis_paper_letterhead.pdf>
Package pdftex.def Info: figure/../format/dlsu_thesis_paper_letterhead.pdf  use
d on input line 292.
(pdftex.def)             Requested size: 614.31223pt x 794.99231pt.
[207



]
\openout2 = `results_and_discussions.aux'.

 (results_and_discussions.tex
Underfull \hbox (badness 2512) in paragraph at lines 68--68
[]\OT1/ptm/m/n/9 (+20) GO: To de-velop and
 []


Underfull \hbox (badness 1194) in paragraph at lines 68--68
\OT1/ptm/m/n/9 (+20) eval-u-ate an IoT-based
 []


Underfull \hbox (badness 1590) in paragraph at lines 68--68
\OT1/ptm/m/n/9 (+20) sys-tem for trucks, in
 []


Underfull \hbox (badness 10000) in paragraph at lines 68--68
\OT1/ptm/m/n/9 (+20) fuel lev-els, tracks
 []


Underfull \hbox (badness 10000) in paragraph at lines 68--68
\OT1/ptm/m/n/9 (+20) de-tects un-usual fuel
 []


Underfull \hbox (badness 10000) in paragraph at lines 68--68
\OT1/ptm/m/n/9 (+20) con-sump-tion us-ing
 []


Underfull \hbox (badness 7451) in paragraph at lines 68--68
\OT1/ptm/m/n/9 (+20) rest schedul-ing, and
 []


Underfull \hbox (badness 10000) in paragraph at lines 68--68
\OT1/ptm/m/n/9 (+20) fa-cil-i-tat-ing proac-tive
 []


Underfull \hbox (badness 10000) in paragraph at lines 68--68
\OT1/ptm/m/n/9 (+20) ve-hi-cle main-te-nance
 []


Underfull \hbox (badness 10000) in paragraph at lines 68--68
\OT1/ptm/m/n/9 (+20) through au-to-mated
 []


Underfull \hbox (badness 2478) in paragraph at lines 68--68
\OT1/ptm/m/n/9 (+20) alerts us-ing fuel and
 []


Underfull \hbox (badness 1424) in paragraph at lines 68--68
\OT1/ptm/m/n/9 (+20) sen-sors in-te-grated via
 []


Underfull \hbox (badness 1642) in paragraph at lines 68--68
\OT1/ptm/m/n/9 (+20) the truck's ECU/-di-ag-
 []


Underfull \hbox (badness 5050) in paragraph at lines 68--68
\OT1/ptm/m/n/9 (+20) nos-tic con-nec-tor and
 []


Underfull \hbox (badness 10000) in paragraph at lines 68--68
[]\OT1/ptm/m/n/9 (+20) SO2: To trans-mit
 []


Underfull \hbox (badness 10000) in paragraph at lines 68--68
\OT1/ptm/m/n/9 (+20) com-mu-ni-ca-tion to a
 []


Underfull \hbox (badness 3068) in paragraph at lines 68--68
\OT1/ptm/m/n/9 (+20) through a cen-tral-ized
 []


Underfull \hbox (badness 1394) in paragraph at lines 68--68
[]\OT1/ptm/m/n/9 (+20) SO4: To de-sign and
 []


Underfull \hbox (badness 10000) in paragraph at lines 68--68
\OT1/ptm/m/n/9 (+20) eval-u-ate a context-
 []


Underfull \hbox (badness 10000) in paragraph at lines 68--68
\OT1/ptm/m/n/9 (+20) aware fuel us-age
 []


Underfull \hbox (badness 10000) in paragraph at lines 68--68
\OT1/ptm/m/n/9 (+20) context-aware non-
 []


Underfull \hbox (badness 10000) in paragraph at lines 68--68
\OT1/ptm/m/n/9 (+20) parametric ma-chine
 []


Underfull \hbox (badness 10000) in paragraph at lines 68--68
\OT1/ptm/m/n/9 (+20) Pro-file or Iso-la-tion
 []


Underfull \hbox (badness 10000) in paragraph at lines 68--68
\OT1/ptm/m/n/9 (+20) For-est), achiev-ing
 []


Underfull \hbox (badness 10000) in paragraph at lines 68--68
\OT1/ptm/m/n/9 (+20) 90% pre-ci-sion and
 []


Underfull \hbox (badness 1817) in paragraph at lines 68--68
\OT1/ptm/m/n/9 (+20) iden-ti-fy-ing anoma-lous
 []


Underfull \hbox (badness 1648) in paragraph at lines 68--68
\OT1/ptm/m/n/9 (+20) fuel con-sump-tion pat-
 []


Underfull \hbox (badness 3068) in paragraph at lines 68--68
\OT1/ptm/m/n/9 (+20) rest and main-te-nance
 []


Underfull \hbox (badness 10000) in paragraph at lines 68--68
\OT1/ptm/m/n/9 (+20) alert mech-a-nisms
 []


Underfull \hbox (badness 1571) in paragraph at lines 68--68
\OT1/ptm/m/n/9 (+20) us-ing cu-mu-la-tive fuel
 []

File: figure/../format/dlsu_thesis_paper_letterhead.pdf Graphic file (type pdf)

<use figure/../format/dlsu_thesis_paper_letterhead.pdf>
Package pdftex.def Info: figure/../format/dlsu_thesis_paper_letterhead.pdf  use
d on input line 68.
(pdftex.def)             Requested size: 614.31223pt x 794.99231pt.
[208

]
File: figure/../format/dlsu_thesis_paper_letterhead.pdf Graphic file (type pdf)

<use figure/../format/dlsu_thesis_paper_letterhead.pdf>
Package pdftex.def Info: figure/../format/dlsu_thesis_paper_letterhead.pdf  use
d on input line 68.
(pdftex.def)             Requested size: 614.31223pt x 794.99231pt.
 [209]
File: figure/../format/dlsu_thesis_paper_letterhead.pdf Graphic file (type pdf)

<use figure/../format/dlsu_thesis_paper_letterhead.pdf>
Package pdftex.def Info: figure/../format/dlsu_thesis_paper_letterhead.pdf  use
d on input line 68.
(pdftex.def)             Requested size: 614.31223pt x 794.99231pt.
 [210]
Underfull \hbox (badness 10000) in paragraph at lines 95--95
[]\OT1/ptm/m/n/9 (+20) No dip-stick val-i-da-tion;
 []


Underfull \hbox (badness 1062) in paragraph at lines 95--95
\OT1/ptm/m/n/9 (+20) trolled in-jected anoma-lies
 []


Underfull \hbox (badness 2073) in paragraph at lines 95--95
[]\OT1/ptm/m/n/9 (+20) 100 alerts, 95% re-solved,
 []



File: figure/../format/dlsu_thesis_paper_letterhead.pdf Graphic file (type pdf)

<use figure/../format/dlsu_thesis_paper_letterhead.pdf>
Package pdftex.def Info: figure/../format/dlsu_thesis_paper_letterhead.pdf  use
d on input line 100.
(pdftex.def)             Requested size: 614.31223pt x 794.99231pt.
[211]

File: figure/../format/dlsu_thesis_paper_letterhead.pdf Graphic file (type pdf)

<use figure/../format/dlsu_thesis_paper_letterhead.pdf>
Package pdftex.def Info: figure/../format/dlsu_thesis_paper_letterhead.pdf  use
d on input line 106.
(pdftex.def)             Requested size: 614.31223pt x 794.99231pt.
[212]

File: figure/../format/dlsu_thesis_paper_letterhead.pdf Graphic file (type pdf)

<use figure/../format/dlsu_thesis_paper_letterhead.pdf>
Package pdftex.def Info: figure/../format/dlsu_thesis_paper_letterhead.pdf  use
d on input line 115.
(pdftex.def)             Requested size: 614.31223pt x 794.99231pt.
[213]

File: figure/../format/dlsu_thesis_paper_letterhead.pdf Graphic file (type pdf)

<use figure/../format/dlsu_thesis_paper_letterhead.pdf>
Package pdftex.def Info: figure/../format/dlsu_thesis_paper_letterhead.pdf  use
d on input line 158.
(pdftex.def)             Requested size: 614.31223pt x 794.99231pt.
[214]
<figure/so1_live_filter_overlay_hilux.png, id=3600, 722.7pt x 325.215pt>
File: figure/so1_live_filter_overlay_hilux.png Graphic file (type png)
<use figure/so1_live_filter_overlay_hilux.png>
Package pdftex.def Info: figure/so1_live_filter_overlay_hilux.png  used on inpu
t line 161.
(pdftex.def)             Requested size: 386.41426pt x 173.88657pt.


File: figure/../format/dlsu_thesis_paper_letterhead.pdf Graphic file (type pdf)

<use figure/../format/dlsu_thesis_paper_letterhead.pdf>
Package pdftex.def Info: figure/../format/dlsu_thesis_paper_letterhead.pdf  use
d on input line 167.
(pdftex.def)             Requested size: 614.31223pt x 794.99231pt.
[215 <./figure/so1_live_filter_overlay_hilux.png>]

File: figure/../format/dlsu_thesis_paper_letterhead.pdf Graphic file (type pdf)

<use figure/../format/dlsu_thesis_paper_letterhead.pdf>
Package pdftex.def Info: figure/../format/dlsu_thesis_paper_letterhead.pdf  use
d on input line 217.
(pdftex.def)             Requested size: 614.31223pt x 794.99231pt.
[216]

File: figure/../format/dlsu_thesis_paper_letterhead.pdf Graphic file (type pdf)

<use figure/../format/dlsu_thesis_paper_letterhead.pdf>
Package pdftex.def Info: figure/../format/dlsu_thesis_paper_letterhead.pdf  use
d on input line 217.
(pdftex.def)             Requested size: 614.31223pt x 794.99231pt.
[217]
<figure/filter_overlay_baseline.png, id=3631, 650.43pt x 325.215pt>
File: figure/filter_overlay_baseline.png Graphic file (type png)
<use figure/filter_overlay_baseline.png>
Package pdftex.def Info: figure/filter_overlay_baseline.png  used on input line
 220.
(pdftex.def)             Requested size: 386.41426pt x 193.21005pt.
<figure/filter_overlay_rapid_siphon.png, id=3632, 650.43pt x 325.215pt>
File: figure/filter_overlay_rapid_siphon.png Graphic file (type png)
<use figure/filter_overlay_rapid_siphon.png>
Package pdftex.def Info: figure/filter_overlay_rapid_siphon.png  used on input 
line 227.
(pdftex.def)             Requested size: 386.41426pt x 193.21005pt.
<figure/filter_overlay_gradual_leak.png, id=3633, 650.43pt x 325.215pt>
File: figure/filter_overlay_gradual_leak.png Graphic file (type png)
<use figure/filter_overlay_gradual_leak.png>
Package pdftex.def Info: figure/filter_overlay_gradual_leak.png  used on input 
line 234.
(pdftex.def)             Requested size: 386.41426pt x 193.21005pt.


File: figure/../format/dlsu_thesis_paper_letterhead.pdf Graphic file (type pdf)

<use figure/../format/dlsu_thesis_paper_letterhead.pdf>
Package pdftex.def Info: figure/../format/dlsu_thesis_paper_letterhead.pdf  use
d on input line 239.
(pdftex.def)             Requested size: 614.31223pt x 794.99231pt.
[218 <./figure/filter_overlay_baseline.png>]

File: figure/../format/dlsu_thesis_paper_letterhead.pdf Graphic file (type pdf)

<use figure/../format/dlsu_thesis_paper_letterhead.pdf>
Package pdftex.def Info: figure/../format/dlsu_thesis_paper_letterhead.pdf  use
d on input line 239.
(pdftex.def)             Requested size: 614.31223pt x 794.99231pt.
[219 <./figure/filter_overlay_rapid_siphon.png> <./figure/filter_overlay_gradua
l_leak.png>]
<figure/so1_initial_cluster.jpg, id=3651, 1000.48781pt x 1000.48781pt>
File: figure/so1_initial_cluster.jpg Graphic file (type jpg)
<use figure/so1_initial_cluster.jpg>
Package pdftex.def Info: figure/so1_initial_cluster.jpg  used on input line 273
.
(pdftex.def)             Requested size: 201.796pt x 201.78856pt.
<figure/so1_initial_hmi.jpg, id=3652, 2055.68pt x 2055.68pt>
File: figure/so1_initial_hmi.jpg Graphic file (type jpg)
<use figure/so1_initial_hmi.jpg>
Package pdftex.def Info: figure/so1_initial_hmi.jpg  used on input line 274.
(pdftex.def)             Requested size: 201.796pt x 201.78462pt.
<figure/so1_pump1_receipt.jpg, id=3653, 1003.75pt x 2053.6725pt>
File: figure/so1_pump1_receipt.jpg Graphic file (type jpg)
<use figure/so1_pump1_receipt.jpg>
Package pdftex.def Info: figure/so1_pump1_receipt.jpg  used on input line 281.
(pdftex.def)             Requested size: 107.33801pt x 219.60603pt.
<figure/so1_pump1_cluster.jpg, id=3654, 2055.68pt x 2055.68pt>
File: figure/so1_pump1_cluster.jpg Graphic file (type jpg)
<use figure/so1_pump1_cluster.jpg>
Package pdftex.def Info: figure/so1_pump1_cluster.jpg  used on input line 282.
(pdftex.def)             Requested size: 145.97813pt x 145.95116pt.
<figure/so1_pump1_hmi.jpg, id=3655, 2055.68pt x 2055.68pt>
File: figure/so1_pump1_hmi.jpg Graphic file (type jpg)
<use figure/so1_pump1_hmi.jpg>
Package pdftex.def Info: figure/so1_pump1_hmi.jpg  used on input line 283.
(pdftex.def)             Requested size: 145.97813pt x 145.95116pt.
<figure/so1_pump2_receipt.jpg, id=3656, 1055.945pt x 2053.6725pt>
File: figure/so1_pump2_receipt.jpg Graphic file (type jpg)
<use figure/so1_pump2_receipt.jpg>
Package pdftex.def Info: figure/so1_pump2_receipt.jpg  used on input line 290.
(pdftex.def)             Requested size: 107.33801pt x 208.73228pt.
<figure/so1_pump2_cluster.jpg, id=3657, 1775.63374pt x 1775.63374pt>
File: figure/so1_pump2_cluster.jpg Graphic file (type jpg)
<use figure/so1_pump2_cluster.jpg>
Package pdftex.def Info: figure/so1_pump2_cluster.jpg  used on input line 291.
(pdftex.def)             Requested size: 145.97813pt x 145.95512pt.
<figure/so1_pump2_hmi.jpg, id=3658, 1657.19125pt x 1657.19125pt>
File: figure/so1_pump2_hmi.jpg Graphic file (type jpg)
<use figure/so1_pump2_hmi.jpg>
Package pdftex.def Info: figure/so1_pump2_hmi.jpg  used on input line 292.
(pdftex.def)             Requested size: 145.97813pt x 145.95465pt.
<figure/so1_pump3_receipt.png, id=3659, 1118.1775pt x 2055.68pt>
File: figure/so1_pump3_receipt.png Graphic file (type png)
<use figure/so1_pump3_receipt.png>
Package pdftex.def Info: figure/so1_pump3_receipt.png  used on input line 299.
(pdftex.def)             Requested size: 107.33801pt x 197.33049pt.
<figure/so1_pump3_cluster.jpg, id=3660, 1961.3275pt x 1961.3275pt>
File: figure/so1_pump3_cluster.jpg Graphic file (type jpg)
<use figure/so1_pump3_cluster.jpg>
Package pdftex.def Info: figure/so1_pump3_cluster.jpg  used on input line 300.
(pdftex.def)             Requested size: 145.97813pt x 145.95596pt.
<figure/so1_pump3_hmi.jpg, id=3661, 1830.84pt x 1830.84pt>
File: figure/so1_pump3_hmi.jpg Graphic file (type jpg)
<use figure/so1_pump3_hmi.jpg>
Package pdftex.def Info: figure/so1_pump3_hmi.jpg  used on input line 301.
(pdftex.def)             Requested size: 145.97813pt x 145.96733pt.
<figure/so1_pump4_receipt.jpg, id=3662, 1043.9pt x 2055.68pt>
File: figure/so1_pump4_receipt.jpg Graphic file (type jpg)
<use figure/so1_pump4_receipt.jpg>
Package pdftex.def Info: figure/so1_pump4_receipt.jpg  used on input line 308.
(pdftex.def)             Requested size: 107.33801pt x 211.3516pt.
<figure/so1_pump4_cluster.jpg, id=3663, 1538.74875pt x 1538.74875pt>
File: figure/so1_pump4_cluster.jpg Graphic file (type jpg)
<use figure/so1_pump4_cluster.jpg>
Package pdftex.def Info: figure/so1_pump4_cluster.jpg  used on input line 309.
(pdftex.def)             Requested size: 145.97813pt x 145.97133pt.
<figure/so1_pump4_hmi.png, id=3664, 1027.84pt x 1027.84pt>
File: figure/so1_pump4_hmi.png Graphic file (type png)
<use figure/so1_pump4_hmi.png>
Package pdftex.def Info: figure/so1_pump4_hmi.png  used on input line 310.
(pdftex.def)             Requested size: 145.97813pt x 145.96684pt.


File: figure/../format/dlsu_thesis_paper_letterhead.pdf Graphic file (type pdf)

<use figure/../format/dlsu_thesis_paper_letterhead.pdf>
Package pdftex.def Info: figure/../format/dlsu_thesis_paper_letterhead.pdf  use
d on input line 318.
(pdftex.def)             Requested size: 614.31223pt x 794.99231pt.
[220]

File: figure/../format/dlsu_thesis_paper_letterhead.pdf Graphic file (type pdf)

<use figure/../format/dlsu_thesis_paper_letterhead.pdf>
Package pdftex.def Info: figure/../format/dlsu_thesis_paper_letterhead.pdf  use
d on input line 318.
(pdftex.def)             Requested size: 614.31223pt x 794.99231pt.
[221 <./figure/so1_initial_cluster.jpg> <./figure/so1_initial_hmi.jpg> <./figur
e/so1_pump1_receipt.jpg> <./figure/so1_pump1_cluster.jpg> <./figure/so1_pump1_h
mi.jpg>]

File: figure/../format/dlsu_thesis_paper_letterhead.pdf Graphic file (type pdf)

<use figure/../format/dlsu_thesis_paper_letterhead.pdf>
Package pdftex.def Info: figure/../format/dlsu_thesis_paper_letterhead.pdf  use
d on input line 318.
(pdftex.def)             Requested size: 614.31223pt x 794.99231pt.
[222 <./figure/so1_pump2_receipt.jpg> <./figure/so1_pump2_cluster.jpg> <./figur
e/so1_pump2_hmi.jpg> <./figure/so1_pump3_receipt.png (PNG copy)> <./figure/so1_
pump3_cluster.jpg> <./figure/so1_pump3_hmi.jpg>]

File: figure/../format/dlsu_thesis_paper_letterhead.pdf Graphic file (type pdf)

<use figure/../format/dlsu_thesis_paper_letterhead.pdf>
Package pdftex.def Info: figure/../format/dlsu_thesis_paper_letterhead.pdf  use
d on input line 349.
(pdftex.def)             Requested size: 614.31223pt x 794.99231pt.
[223 <./figure/so1_pump4_receipt.jpg> <./figure/so1_pump4_cluster.jpg> <./figur
e/so1_pump4_hmi.png>]

File: figure/../format/dlsu_thesis_paper_letterhead.pdf Graphic file (type pdf)

<use figure/../format/dlsu_thesis_paper_letterhead.pdf>
Package pdftex.def Info: figure/../format/dlsu_thesis_paper_letterhead.pdf  use
d on input line 378.
(pdftex.def)             Requested size: 614.31223pt x 794.99231pt.
[224]
<figure/image1.png, id=3694, 768.29893pt x 294.24214pt>
File: figure/image1.png Graphic file (type png)
<use figure/image1.png>
Package pdftex.def Info: figure/image1.png  used on input line 386.
(pdftex.def)             Requested size: 386.41426pt x 147.98723pt.
<figure/image2.png, id=3695, 768.29893pt x 351.88608pt>
File: figure/image2.png Graphic file (type png)
<use figure/image2.png>
Package pdftex.def Info: figure/image2.png  used on input line 393.
(pdftex.def)             Requested size: 343.48299pt x 157.31635pt.
<figure/image3.png, id=3696, 679.338pt x 319.6743pt>
File: figure/image3.png Graphic file (type png)
<use figure/image3.png>
Package pdftex.def Info: figure/image3.png  used on input line 400.
(pdftex.def)             Requested size: 343.48299pt x 161.63667pt.
<figure/image4.png, id=3697, 787.743pt x 304.9794pt>
File: figure/image4.png Graphic file (type png)
<use figure/image4.png>
Package pdftex.def Info: figure/image4.png  used on input line 407.
(pdftex.def)             Requested size: 386.41426pt x 149.60408pt.


File: figure/../format/dlsu_thesis_paper_letterhead.pdf Graphic file (type pdf)

<use figure/../format/dlsu_thesis_paper_letterhead.pdf>
Package pdftex.def Info: figure/../format/dlsu_thesis_paper_letterhead.pdf  use
d on input line 414.
(pdftex.def)             Requested size: 614.31223pt x 794.99231pt.
[225 <./figure/image1.png>]

File: figure/../format/dlsu_thesis_paper_letterhead.pdf Graphic file (type pdf)

<use figure/../format/dlsu_thesis_paper_letterhead.pdf>
Package pdftex.def Info: figure/../format/dlsu_thesis_paper_letterhead.pdf  use
d on input line 415.
(pdftex.def)             Requested size: 614.31223pt x 794.99231pt.
[226 <./figure/image2.png> <./figure/image3.png>]

File: figure/../format/dlsu_thesis_paper_letterhead.pdf Graphic file (type pdf)

<use figure/../format/dlsu_thesis_paper_letterhead.pdf>
Package pdftex.def Info: figure/../format/dlsu_thesis_paper_letterhead.pdf  use
d on input line 442.
(pdftex.def)             Requested size: 614.31223pt x 794.99231pt.
[227 <./figure/image4.png>]

File: figure/../format/dlsu_thesis_paper_letterhead.pdf Graphic file (type pdf)

<use figure/../format/dlsu_thesis_paper_letterhead.pdf>
Package pdftex.def Info: figure/../format/dlsu_thesis_paper_letterhead.pdf  use
d on input line 452.
(pdftex.def)             Requested size: 614.31223pt x 794.99231pt.
[228]

File: figure/../format/dlsu_thesis_paper_letterhead.pdf Graphic file (type pdf)

<use figure/../format/dlsu_thesis_paper_letterhead.pdf>
Package pdftex.def Info: figure/../format/dlsu_thesis_paper_letterhead.pdf  use
d on input line 452.
(pdftex.def)             Requested size: 614.31223pt x 794.99231pt.
[229]

File: figure/../format/dlsu_thesis_paper_letterhead.pdf Graphic file (type pdf)

<use figure/../format/dlsu_thesis_paper_letterhead.pdf>
Package pdftex.def Info: figure/../format/dlsu_thesis_paper_letterhead.pdf  use
d on input line 458.
(pdftex.def)             Requested size: 614.31223pt x 794.99231pt.
[230]
<figure/image5.jpg, id=3744, 1541.76pt x 2055.68pt>
File: figure/image5.jpg Graphic file (type jpg)
<use figure/image5.jpg>
Package pdftex.def Info: figure/image5.jpg  used on input line 497.
(pdftex.def)             Requested size: 257.61388pt x 343.46986pt.


File: figure/../format/dlsu_thesis_paper_letterhead.pdf Graphic file (type pdf)

<use figure/../format/dlsu_thesis_paper_letterhead.pdf>
Package pdftex.def Info: figure/../format/dlsu_thesis_paper_letterhead.pdf  use
d on input line 503.
(pdftex.def)             Requested size: 614.31223pt x 794.99231pt.
[231]

File: figure/../format/dlsu_thesis_paper_letterhead.pdf Graphic file (type pdf)

<use figure/../format/dlsu_thesis_paper_letterhead.pdf>
Package pdftex.def Info: figure/../format/dlsu_thesis_paper_letterhead.pdf  use
d on input line 505.
(pdftex.def)             Requested size: 614.31223pt x 794.99231pt.
[232 <./figure/image5.jpg>]

File: figure/../format/dlsu_thesis_paper_letterhead.pdf Graphic file (type pdf)

<use figure/../format/dlsu_thesis_paper_letterhead.pdf>
Package pdftex.def Info: figure/../format/dlsu_thesis_paper_letterhead.pdf  use
d on input line 536.
(pdftex.def)             Requested size: 614.31223pt x 794.99231pt.
[233]

File: figure/../format/dlsu_thesis_paper_letterhead.pdf Graphic file (type pdf)

<use figure/../format/dlsu_thesis_paper_letterhead.pdf>
Package pdftex.def Info: figure/../format/dlsu_thesis_paper_letterhead.pdf  use
d on input line 565.
(pdftex.def)             Requested size: 614.31223pt x 794.99231pt.
[234]
<figure/image6.png, id=3765, 533.3526pt x 379.8993pt>
File: figure/image6.png Graphic file (type png)
<use figure/image6.png>
Package pdftex.def Info: figure/image6.png  used on input line 599.
(pdftex.def)             Requested size: 364.95189pt x 259.9512pt.


File: figure/../format/dlsu_thesis_paper_letterhead.pdf Graphic file (type pdf)

<use figure/../format/dlsu_thesis_paper_letterhead.pdf>
Package pdftex.def Info: figure/../format/dlsu_thesis_paper_letterhead.pdf  use
d on input line 605.
(pdftex.def)             Requested size: 614.31223pt x 794.99231pt.
[235]

File: figure/../format/dlsu_thesis_paper_letterhead.pdf Graphic file (type pdf)

<use figure/../format/dlsu_thesis_paper_letterhead.pdf>
Package pdftex.def Info: figure/../format/dlsu_thesis_paper_letterhead.pdf  use
d on input line 639.
(pdftex.def)             Requested size: 614.31223pt x 794.99231pt.
[236 <./figure/image6.png>]

File: figure/../format/dlsu_thesis_paper_letterhead.pdf Graphic file (type pdf)

<use figure/../format/dlsu_thesis_paper_letterhead.pdf>
Package pdftex.def Info: figure/../format/dlsu_thesis_paper_letterhead.pdf  use
d on input line 645.
(pdftex.def)             Requested size: 614.31223pt x 794.99231pt.
[237]

File: figure/../format/dlsu_thesis_paper_letterhead.pdf Graphic file (type pdf)

<use figure/../format/dlsu_thesis_paper_letterhead.pdf>
Package pdftex.def Info: figure/../format/dlsu_thesis_paper_letterhead.pdf  use
d on input line 658.
(pdftex.def)             Requested size: 614.31223pt x 794.99231pt.
[238]

File: figure/../format/dlsu_thesis_paper_letterhead.pdf Graphic file (type pdf)

<use figure/../format/dlsu_thesis_paper_letterhead.pdf>
Package pdftex.def Info: figure/../format/dlsu_thesis_paper_letterhead.pdf  use
d on input line 692.
(pdftex.def)             Requested size: 614.31223pt x 794.99231pt.
[239]
<figure/image7.jpg, id=3799, 949.5475pt x 2053.6725pt>
File: figure/image7.jpg Graphic file (type jpg)
<use figure/image7.jpg>
Package pdftex.def Info: figure/image7.jpg  used on input line 697.
(pdftex.def)             Requested size: 180.32709pt x 390.01381pt.
<figure/image8.jpg, id=3800, 949.5475pt x 2053.6725pt>
File: figure/image8.jpg Graphic file (type jpg)
<use figure/image8.jpg>
Package pdftex.def Info: figure/image8.jpg  used on input line 704.
(pdftex.def)             Requested size: 180.32709pt x 390.01381pt.
<figure/image9.jpg, id=3801, 949.5475pt x 2053.6725pt>
File: figure/image9.jpg Graphic file (type jpg)
<use figure/image9.jpg>
Package pdftex.def Info: figure/image9.jpg  used on input line 711.
(pdftex.def)             Requested size: 180.32709pt x 390.01381pt.
<figure/image10.jpg, id=3802, 949.5475pt x 2053.6725pt>
File: figure/image10.jpg Graphic file (type jpg)
<use figure/image10.jpg>
Package pdftex.def Info: figure/image10.jpg  used on input line 712.
(pdftex.def)             Requested size: 180.32709pt x 390.01381pt.


File: figure/../format/dlsu_thesis_paper_letterhead.pdf Graphic file (type pdf)

<use figure/../format/dlsu_thesis_paper_letterhead.pdf>
Package pdftex.def Info: figure/../format/dlsu_thesis_paper_letterhead.pdf  use
d on input line 722.
(pdftex.def)             Requested size: 614.31223pt x 794.99231pt.
[240]

File: figure/../format/dlsu_thesis_paper_letterhead.pdf Graphic file (type pdf)

<use figure/../format/dlsu_thesis_paper_letterhead.pdf>
Package pdftex.def Info: figure/../format/dlsu_thesis_paper_letterhead.pdf  use
d on input line 722.
(pdftex.def)             Requested size: 614.31223pt x 794.99231pt.
[241 <./figure/image7.jpg>]

File: figure/../format/dlsu_thesis_paper_letterhead.pdf Graphic file (type pdf)

<use figure/../format/dlsu_thesis_paper_letterhead.pdf>
Package pdftex.def Info: figure/../format/dlsu_thesis_paper_letterhead.pdf  use
d on input line 722.
(pdftex.def)             Requested size: 614.31223pt x 794.99231pt.
[242 <./figure/image8.jpg>]

File: figure/../format/dlsu_thesis_paper_letterhead.pdf Graphic file (type pdf)

<use figure/../format/dlsu_thesis_paper_letterhead.pdf>
Package pdftex.def Info: figure/../format/dlsu_thesis_paper_letterhead.pdf  use
d on input line 722.
(pdftex.def)             Requested size: 614.31223pt x 794.99231pt.
[243 <./figure/image9.jpg> <./figure/image10.jpg>]
<figure/image11.png, id=3825, 623.6901pt x 511.9125pt>
File: figure/image11.png Graphic file (type png)
<use figure/image11.png>
Package pdftex.def Info: figure/image11.png  used on input line 725.
(pdftex.def)             Requested size: 364.95189pt x 299.54181pt.
<figure/image12.png, id=3826, 722.7pt x 323.40825pt>
File: figure/image12.png Graphic file (type png)
<use figure/image12.png>
Package pdftex.def Info: figure/image12.png  used on input line 732.
(pdftex.def)             Requested size: 343.48299pt x 153.70932pt.


File: figure/../format/dlsu_thesis_paper_letterhead.pdf Graphic file (type pdf)

<use figure/../format/dlsu_thesis_paper_letterhead.pdf>
Package pdftex.def Info: figure/../format/dlsu_thesis_paper_letterhead.pdf  use
d on input line 739.
(pdftex.def)             Requested size: 614.31223pt x 794.99231pt.
[244 <./figure/image11.png> <./figure/image12.png>]
<figure/image13.png, id=3838, 650.43pt x 301.72725pt>
File: figure/image13.png Graphic file (type png)
<use figure/image13.png>
Package pdftex.def Info: figure/image13.png  used on input line 745.
(pdftex.def)             Requested size: 343.48299pt x 159.33917pt.
<figure/image14.png, id=3839, 722.7pt x 336.50719pt>
File: figure/image14.png Graphic file (type png)
<use figure/image14.png>
Package pdftex.def Info: figure/image14.png  used on input line 752.
(pdftex.def)             Requested size: 343.48299pt x 159.93498pt.


File: figure/../format/dlsu_thesis_paper_letterhead.pdf Graphic file (type pdf)

<use figure/../format/dlsu_thesis_paper_letterhead.pdf>
Package pdftex.def Info: figure/../format/dlsu_thesis_paper_letterhead.pdf  use
d on input line 760.
(pdftex.def)             Requested size: 614.31223pt x 794.99231pt.
[245 <./figure/image13.png>]

File: figure/../format/dlsu_thesis_paper_letterhead.pdf Graphic file (type pdf)

<use figure/../format/dlsu_thesis_paper_letterhead.pdf>
Package pdftex.def Info: figure/../format/dlsu_thesis_paper_letterhead.pdf  use
d on input line 787.
(pdftex.def)             Requested size: 614.31223pt x 794.99231pt.
[246 <./figure/image14.png>]

File: figure/../format/dlsu_thesis_paper_letterhead.pdf Graphic file (type pdf)

<use figure/../format/dlsu_thesis_paper_letterhead.pdf>
Package pdftex.def Info: figure/../format/dlsu_thesis_paper_letterhead.pdf  use
d on input line 799.
(pdftex.def)             Requested size: 614.31223pt x 794.99231pt.
[247]

File: figure/../format/dlsu_thesis_paper_letterhead.pdf Graphic file (type pdf)

<use figure/../format/dlsu_thesis_paper_letterhead.pdf>
Package pdftex.def Info: figure/../format/dlsu_thesis_paper_letterhead.pdf  use
d on input line 807.
(pdftex.def)             Requested size: 614.31223pt x 794.99231pt.
[248]

File: figure/../format/dlsu_thesis_paper_letterhead.pdf Graphic file (type pdf)

<use figure/../format/dlsu_thesis_paper_letterhead.pdf>
Package pdftex.def Info: figure/../format/dlsu_thesis_paper_letterhead.pdf  use
d on input line 836.
(pdftex.def)             Requested size: 614.31223pt x 794.99231pt.
[249]

File: figure/../format/dlsu_thesis_paper_letterhead.pdf Graphic file (type pdf)

<use figure/../format/dlsu_thesis_paper_letterhead.pdf>
Package pdftex.def Info: figure/../format/dlsu_thesis_paper_letterhead.pdf  use
d on input line 838.
(pdftex.def)             Requested size: 614.31223pt x 794.99231pt.
[250]

File: figure/../format/dlsu_thesis_paper_letterhead.pdf Graphic file (type pdf)

<use figure/../format/dlsu_thesis_paper_letterhead.pdf>
Package pdftex.def Info: figure/../format/dlsu_thesis_paper_letterhead.pdf  use
d on input line 847.
(pdftex.def)             Requested size: 614.31223pt x 794.99231pt.
[251]

File: figure/../format/dlsu_thesis_paper_letterhead.pdf Graphic file (type pdf)

<use figure/../format/dlsu_thesis_paper_letterhead.pdf>
Package pdftex.def Info: figure/../format/dlsu_thesis_paper_letterhead.pdf  use
d on input line 871.
(pdftex.def)             Requested size: 614.31223pt x 794.99231pt.
[252]

File: figure/../format/dlsu_thesis_paper_letterhead.pdf Graphic file (type pdf)

<use figure/../format/dlsu_thesis_paper_letterhead.pdf>
Package pdftex.def Info: figure/../format/dlsu_thesis_paper_letterhead.pdf  use
d on input line 899.
(pdftex.def)             Requested size: 614.31223pt x 794.99231pt.
[253]

File: figure/../format/dlsu_thesis_paper_letterhead.pdf Graphic file (type pdf)

<use figure/../format/dlsu_thesis_paper_letterhead.pdf>
Package pdftex.def Info: figure/../format/dlsu_thesis_paper_letterhead.pdf  use
d on input line 902.
(pdftex.def)             Requested size: 614.31223pt x 794.99231pt.
[254]
Underfull \hbox (badness 6300) in paragraph at lines 915--915
[]\OT1/ptm/m/n/9 (+20) Static thresh-old ($\OMS/cmsy/m/n/9 j\OML/cmm/m/it/9 ^^A
[]\OMS/cmsy/m/n/9 j ^^U
 []


Underfull \hbox (badness 10000) in paragraph at lines 917--917
[]\OT1/ptm/m/n/9 (+20) Per-vehicle IQR on fu-el/km
 []


Underfull \hbox (badness 1275) in paragraph at lines 919--919
[]\OT1/ptm/m/n/9 (+20) Per-vehicle IQR on fuel delta
 []


Underfull \hbox (badness 2818) in paragraph at lines 921--921
[]\OT1/ptm/m/n/9 (+20) Local Out-lier Fac-tor (nov-elty,
 []



File: figure/../format/dlsu_thesis_paper_letterhead.pdf Graphic file (type pdf)

<use figure/../format/dlsu_thesis_paper_letterhead.pdf>
Package pdftex.def Info: figure/../format/dlsu_thesis_paper_letterhead.pdf  use
d on input line 934.
(pdftex.def)             Requested size: 614.31223pt x 794.99231pt.
[255]
Underfull \hbox (badness 1584) in paragraph at lines 948--948
[]\OT1/ptm/m/n/9 (+20) Abnormal rapid de-
 []


Underfull \hbox (badness 2173) in paragraph at lines 952--953
[]\OT1/ptm/m/n/9 (+20) Mixed: short-window de-pot si-phon-
 []


Underfull \hbox (badness 5345) in paragraph at lines 954--955
[]\OT1/ptm/m/n/9 (+20) Short-burst gas-station theft caught;
 []


Underfull \hbox (badness 7099) in paragraph at lines 954--955
\OT1/ptm/m/n/9 (+20) overnight de-pot small-volume theft
 []



File: figure/../format/dlsu_thesis_paper_letterhead.pdf Graphic file (type pdf)

<use figure/../format/dlsu_thesis_paper_letterhead.pdf>
Package pdftex.def Info: figure/../format/dlsu_thesis_paper_letterhead.pdf  use
d on input line 967.
(pdftex.def)             Requested size: 614.31223pt x 794.99231pt.
[256]
Underfull \hbox (badness 10000) in paragraph at lines 994--994
[]\OT1/ptm/m/n/8 (+20) Abnormal rapid de-
 []



File: figure/../format/dlsu_thesis_paper_letterhead.pdf Graphic file (type pdf)

<use figure/../format/dlsu_thesis_paper_letterhead.pdf>
Package pdftex.def Info: figure/../format/dlsu_thesis_paper_letterhead.pdf  use
d on input line 999.
(pdftex.def)             Requested size: 614.31223pt x 794.99231pt.
[257]
Underfull \hbox (badness 10000) in paragraph at lines 1048--1048
[]\OT1/ptm/m/n/8 (+20) High-speed
 []


Underfull \hbox (badness 1603) in paragraph at lines 1048--1048
[]\OT1/ptm/m/n/8 (+20) Mid-speed grad-
 []


Underfull \hbox (badness 2894) in paragraph at lines 1048--1048
[]\OT1/ptm/m/n/8 (+20) Contains the trail-ing rows of a long grad-ual
 []


Underfull \hbox (badness 10000) in paragraph at lines 1048--1048
[]\OT1/ptm/m/n/8 (+20) Raw-slosh ar-ti-
 []



File: figure/../format/dlsu_thesis_paper_letterhead.pdf Graphic file (type pdf)

<use figure/../format/dlsu_thesis_paper_letterhead.pdf>
Package pdftex.def Info: figure/../format/dlsu_thesis_paper_letterhead.pdf  use
d on input line 1053.
(pdftex.def)             Requested size: 614.31223pt x 794.99231pt.
[258]
<figure/image15.png, id=3938, 616.704pt x 342.3189pt>
File: figure/image15.png Graphic file (type png)
<use figure/image15.png>
Package pdftex.def Info: figure/image15.png  used on input line 1059.
(pdftex.def)             Requested size: 343.48299pt x 190.66304pt.
<figure/fig_6_28_abc_confusion_matrices.png, id=3939, 1076.823pt x 328.8285pt>
File: figure/fig_6_28_abc_confusion_matrices.png Graphic file (type png)
<use figure/fig_6_28_abc_confusion_matrices.png>
Package pdftex.def Info: figure/fig_6_28_abc_confusion_matrices.png  used on in
put line 1066.
(pdftex.def)             Requested size: 407.88318pt x 124.55472pt.
<figure/fig_6_26_abc_model_performance.png, id=3940, 787.22679pt x 388.70935pt>

File: figure/fig_6_26_abc_model_performance.png Graphic file (type png)
<use figure/fig_6_26_abc_model_performance.png>
Package pdftex.def Info: figure/fig_6_26_abc_model_performance.png  used on inp
ut line 1073.
(pdftex.def)             Requested size: 364.95189pt x 180.2023pt.


File: figure/../format/dlsu_thesis_paper_letterhead.pdf Graphic file (type pdf)

<use figure/../format/dlsu_thesis_paper_letterhead.pdf>
Package pdftex.def Info: figure/../format/dlsu_thesis_paper_letterhead.pdf  use
d on input line 1080.
(pdftex.def)             Requested size: 614.31223pt x 794.99231pt.
[259]

File: figure/../format/dlsu_thesis_paper_letterhead.pdf Graphic file (type pdf)

<use figure/../format/dlsu_thesis_paper_letterhead.pdf>
Package pdftex.def Info: figure/../format/dlsu_thesis_paper_letterhead.pdf  use
d on input line 1081.
(pdftex.def)             Requested size: 614.31223pt x 794.99231pt.
[260 <./figure/image15.png> <./figure/fig_6_28_abc_confusion_matrices.png>]

File: figure/../format/dlsu_thesis_paper_letterhead.pdf Graphic file (type pdf)

<use figure/../format/dlsu_thesis_paper_letterhead.pdf>
Package pdftex.def Info: figure/../format/dlsu_thesis_paper_letterhead.pdf  use
d on input line 1174.
(pdftex.def)             Requested size: 614.31223pt x 794.99231pt.
[261 <./figure/fig_6_26_abc_model_performance.png>]

File: figure/../format/dlsu_thesis_paper_letterhead.pdf Graphic file (type pdf)

<use figure/../format/dlsu_thesis_paper_letterhead.pdf>
Package pdftex.def Info: figure/../format/dlsu_thesis_paper_letterhead.pdf  use
d on input line 1182.
(pdftex.def)             Requested size: 614.31223pt x 794.99231pt.
[262]

File: figure/../format/dlsu_thesis_paper_letterhead.pdf Graphic file (type pdf)

<use figure/../format/dlsu_thesis_paper_letterhead.pdf>
Package pdftex.def Info: figure/../format/dlsu_thesis_paper_letterhead.pdf  use
d on input line 1186.
(pdftex.def)             Requested size: 614.31223pt x 794.99231pt.
[263]
Underfull \hbox (badness 2478) in paragraph at lines 1249--1250
[]\OT1/ptm/m/n/9 (+20) Buzzer, on-screen alert,
 []


Underfull \hbox (badness 10000) in paragraph at lines 1251--1251
[]\OT1/ptm/m/n/9 (+20) Maintenance
 []


Underfull \hbox (badness 3158) in paragraph at lines 1253--1253
[]\OT1/ptm/m/n/9 (+20) Speed $\OMS/cmsy/m/n/9 ^^U$ \OT1/ptm/m/n/9 (+20) 100 km/
h (con-fig-
 []


Underfull \hbox (badness 10000) in paragraph at lines 1257--1257
[]\OT1/ptm/m/n/9 (+20) Anomaly-detection ser-
 []



File: figure/../format/dlsu_thesis_paper_letterhead.pdf Graphic file (type pdf)

<use figure/../format/dlsu_thesis_paper_letterhead.pdf>
Package pdftex.def Info: figure/../format/dlsu_thesis_paper_letterhead.pdf  use
d on input line 1265.
(pdftex.def)             Requested size: 614.31223pt x 794.99231pt.
[264]

File: figure/../format/dlsu_thesis_paper_letterhead.pdf Graphic file (type pdf)

<use figure/../format/dlsu_thesis_paper_letterhead.pdf>
Package pdftex.def Info: figure/../format/dlsu_thesis_paper_letterhead.pdf  use
d on input line 1295.
(pdftex.def)             Requested size: 614.31223pt x 794.99231pt.
[265]

File: figure/../format/dlsu_thesis_paper_letterhead.pdf Graphic file (type pdf)

<use figure/../format/dlsu_thesis_paper_letterhead.pdf>
Package pdftex.def Info: figure/../format/dlsu_thesis_paper_letterhead.pdf  use
d on input line 1336.
(pdftex.def)             Requested size: 614.31223pt x 794.99231pt.
[266]
<figure/image19.jpg, id=4003, 1541.76pt x 2055.68pt>
File: figure/image19.jpg Graphic file (type jpg)
<use figure/image19.jpg>
Package pdftex.def Info: figure/image19.jpg  used on input line 1339.
(pdftex.def)             Requested size: 214.67604pt x 286.22488pt.
<figure/image20.jpg, id=4004, 2055.68pt x 1164.35pt>
File: figure/image20.jpg Graphic file (type jpg)
<use figure/image20.jpg>
Package pdftex.def Info: figure/image20.jpg  used on input line 1346.
(pdftex.def)             Requested size: 300.54515pt x 170.2211pt.
<figure/image21.jpg, id=4005, 2055.68pt x 1155.31625pt>
File: figure/image21.jpg Graphic file (type jpg)
<use figure/image21.jpg>
Package pdftex.def Info: figure/image21.jpg  used on input line 1353.
(pdftex.def)             Requested size: 300.54515pt x 168.90042pt.
<figure/image22.jpg, id=4006, 2055.68pt x 1094.0875pt>
File: figure/image22.jpg Graphic file (type jpg)
<use figure/image22.jpg>
Package pdftex.def Info: figure/image22.jpg  used on input line 1360.
(pdftex.def)             Requested size: 300.54515pt x 159.94913pt.
<figure/image24.jpg, id=4007, 2055.68pt x 1195.46625pt>
File: figure/image24.jpg Graphic file (type jpg)
<use figure/image24.jpg>
Package pdftex.def Info: figure/image24.jpg  used on input line 1367.
(pdftex.def)             Requested size: 300.54515pt x 174.77011pt.
<figure/image23.jpg, id=4008, 2055.68pt x 1150.2975pt>
File: figure/image23.jpg Graphic file (type jpg)
<use figure/image23.jpg>
Package pdftex.def Info: figure/image23.jpg  used on input line 1374.
(pdftex.def)             Requested size: 300.54515pt x 168.1667pt.
<figure/image25.jpg, id=4009, 949.5475pt x 2053.6725pt>
File: figure/image25.jpg Graphic file (type jpg)
<use figure/image25.jpg>
Package pdftex.def Info: figure/image25.jpg  used on input line 1381.
(pdftex.def)             Requested size: 193.20712pt x 417.87195pt.


File: figure/../format/dlsu_thesis_paper_letterhead.pdf Graphic file (type pdf)

<use figure/../format/dlsu_thesis_paper_letterhead.pdf>
Package pdftex.def Info: figure/../format/dlsu_thesis_paper_letterhead.pdf  use
d on input line 1387.
(pdftex.def)             Requested size: 614.31223pt x 794.99231pt.
[267 <./figure/image19.jpg>]

File: figure/../format/dlsu_thesis_paper_letterhead.pdf Graphic file (type pdf)

<use figure/../format/dlsu_thesis_paper_letterhead.pdf>
Package pdftex.def Info: figure/../format/dlsu_thesis_paper_letterhead.pdf  use
d on input line 1387.
(pdftex.def)             Requested size: 614.31223pt x 794.99231pt.
[268 <./figure/image20.jpg> <./figure/image21.jpg>]

File: figure/../format/dlsu_thesis_paper_letterhead.pdf Graphic file (type pdf)

<use figure/../format/dlsu_thesis_paper_letterhead.pdf>
Package pdftex.def Info: figure/../format/dlsu_thesis_paper_letterhead.pdf  use
d on input line 1387.
(pdftex.def)             Requested size: 614.31223pt x 794.99231pt.
[269 <./figure/image22.jpg> <./figure/image24.jpg>]

File: figure/../format/dlsu_thesis_paper_letterhead.pdf Graphic file (type pdf)

<use figure/../format/dlsu_thesis_paper_letterhead.pdf>
Package pdftex.def Info: figure/../format/dlsu_thesis_paper_letterhead.pdf  use
d on input line 1392.
(pdftex.def)             Requested size: 614.31223pt x 794.99231pt.
[270 <./figure/image23.jpg>]

File: figure/../format/dlsu_thesis_paper_letterhead.pdf Graphic file (type pdf)

<use figure/../format/dlsu_thesis_paper_letterhead.pdf>
Package pdftex.def Info: figure/../format/dlsu_thesis_paper_letterhead.pdf  use
d on input line 1392.
(pdftex.def)             Requested size: 614.31223pt x 794.99231pt.
[271 <./figure/image25.jpg>]
<figure/image26.jpg, id=4041, 2055.68pt x 1105.12875pt>
File: figure/image26.jpg Graphic file (type jpg)
<use figure/image26.jpg>
Package pdftex.def Info: figure/image26.jpg  used on input line 1395.
(pdftex.def)             Requested size: 386.41426pt x 207.73389pt.
<figure/image27.jpg, id=4042, 2055.68pt x 1103.12125pt>
File: figure/image27.jpg Graphic file (type jpg)
<use figure/image27.jpg>
Package pdftex.def Info: figure/image27.jpg  used on input line 1402.
(pdftex.def)             Requested size: 386.41426pt x 207.35652pt.
<figure/image28.png, id=4043, 1203.63965pt x 641.39626pt>
File: figure/image28.png Graphic file (type png)
<use figure/image28.png>
Package pdftex.def Info: figure/image28.png  used on input line 1409.
(pdftex.def)             Requested size: 386.41426pt x 205.90671pt.
<figure/image29.jpg, id=4044, 2055.68pt x 1099.10625pt>
File: figure/image29.jpg Graphic file (type jpg)
<use figure/image29.jpg>
Package pdftex.def Info: figure/image29.jpg  used on input line 1416.
(pdftex.def)             Requested size: 386.41426pt x 206.6018pt.
<figure/image30.jpg, id=4045, 2055.68pt x 1094.0875pt>
File: figure/image30.jpg Graphic file (type jpg)
<use figure/image30.jpg>
Package pdftex.def Info: figure/image30.jpg  used on input line 1423.
(pdftex.def)             Requested size: 386.41426pt x 205.65842pt.
<figure/image31.jpg, id=4046, 2055.68pt x 1104.125pt>
File: figure/image31.jpg Graphic file (type jpg)
<use figure/image31.jpg>
Package pdftex.def Info: figure/image31.jpg  used on input line 1430.
(pdftex.def)             Requested size: 206.08716pt x 110.68852pt.
<figure/image32.jpg, id=4047, 2055.68pt x 1116.17pt>
File: figure/image32.jpg Graphic file (type jpg)
<use figure/image32.jpg>
Package pdftex.def Info: figure/image32.jpg  used on input line 1431.
(pdftex.def)             Requested size: 206.08716pt x 111.89604pt.
<figure/image33.jpg, id=4048, 2055.68pt x 1086.0575pt>
File: figure/image33.jpg Graphic file (type jpg)
<use figure/image33.jpg>
Package pdftex.def Info: figure/image33.jpg  used on input line 1438.
(pdftex.def)             Requested size: 386.41426pt x 204.149pt.
<figure/image35.jpg, id=4049, 2055.68pt x 1099.10625pt>
File: figure/image35.jpg Graphic file (type jpg)
<use figure/image35.jpg>
Package pdftex.def Info: figure/image35.jpg  used on input line 1445.
(pdftex.def)             Requested size: 386.41426pt x 206.6018pt.
<figure/image36.jpg, id=4050, 2055.68pt x 1099.10625pt>
File: figure/image36.jpg Graphic file (type jpg)
<use figure/image36.jpg>
Package pdftex.def Info: figure/image36.jpg  used on input line 1452.
(pdftex.def)             Requested size: 206.08716pt x 110.1854pt.
<figure/image37.jpg, id=4051, 2055.68pt x 1098.1025pt>
File: figure/image37.jpg Graphic file (type jpg)
<use figure/image37.jpg>
Package pdftex.def Info: figure/image37.jpg  used on input line 1453.
(pdftex.def)             Requested size: 206.08716pt x 110.08476pt.
<figure/image38.jpg, id=4052, 2055.68pt x 1102.1175pt>
File: figure/image38.jpg Graphic file (type jpg)
<use figure/image38.jpg>
Package pdftex.def Info: figure/image38.jpg  used on input line 1460.
(pdftex.def)             Requested size: 386.41426pt x 207.16785pt.


File: figure/../format/dlsu_thesis_paper_letterhead.pdf Graphic file (type pdf)

<use figure/../format/dlsu_thesis_paper_letterhead.pdf>
Package pdftex.def Info: figure/../format/dlsu_thesis_paper_letterhead.pdf  use
d on input line 1467.
(pdftex.def)             Requested size: 614.31223pt x 794.99231pt.
[272 <./figure/image26.jpg> <./figure/image27.jpg>]

File: figure/../format/dlsu_thesis_paper_letterhead.pdf Graphic file (type pdf)

<use figure/../format/dlsu_thesis_paper_letterhead.pdf>
Package pdftex.def Info: figure/../format/dlsu_thesis_paper_letterhead.pdf  use
d on input line 1467.
(pdftex.def)             Requested size: 614.31223pt x 794.99231pt.
[273 <./figure/image28.png> <./figure/image29.jpg>]

File: figure/../format/dlsu_thesis_paper_letterhead.pdf Graphic file (type pdf)

<use figure/../format/dlsu_thesis_paper_letterhead.pdf>
Package pdftex.def Info: figure/../format/dlsu_thesis_paper_letterhead.pdf  use
d on input line 1468.
(pdftex.def)             Requested size: 614.31223pt x 794.99231pt.
[274 <./figure/image30.jpg> <./figure/image31.jpg> <./figure/image32.jpg>]

File: figure/../format/dlsu_thesis_paper_letterhead.pdf Graphic file (type pdf)

<use figure/../format/dlsu_thesis_paper_letterhead.pdf>
Package pdftex.def Info: figure/../format/dlsu_thesis_paper_letterhead.pdf  use
d on input line 1468.
(pdftex.def)             Requested size: 614.31223pt x 794.99231pt.
[275 <./figure/image33.jpg> <./figure/image35.jpg>]

File: figure/../format/dlsu_thesis_paper_letterhead.pdf Graphic file (type pdf)

<use figure/../format/dlsu_thesis_paper_letterhead.pdf>
Package pdftex.def Info: figure/../format/dlsu_thesis_paper_letterhead.pdf  use
d on input line 1506.
(pdftex.def)             Requested size: 614.31223pt x 794.99231pt.
[276 <./figure/image36.jpg> <./figure/image37.jpg> <./figure/image38.jpg>]

File: figure/../format/dlsu_thesis_paper_letterhead.pdf Graphic file (type pdf)

<use figure/../format/dlsu_thesis_paper_letterhead.pdf>
Package pdftex.def Info: figure/../format/dlsu_thesis_paper_letterhead.pdf  use
d on input line 1535.
(pdftex.def)             Requested size: 614.31223pt x 794.99231pt.
[277]

File: figure/../format/dlsu_thesis_paper_letterhead.pdf Graphic file (type pdf)

<use figure/../format/dlsu_thesis_paper_letterhead.pdf>
Package pdftex.def Info: figure/../format/dlsu_thesis_paper_letterhead.pdf  use
d on input line 1544.
(pdftex.def)             Requested size: 614.31223pt x 794.99231pt.
[278]

File: figure/../format/dlsu_thesis_paper_letterhead.pdf Graphic file (type pdf)

<use figure/../format/dlsu_thesis_paper_letterhead.pdf>
Package pdftex.def Info: figure/../format/dlsu_thesis_paper_letterhead.pdf  use
d on input line 1570.
(pdftex.def)             Requested size: 614.31223pt x 794.99231pt.
[279]

File: figure/../format/dlsu_thesis_paper_letterhead.pdf Graphic file (type pdf)

<use figure/../format/dlsu_thesis_paper_letterhead.pdf>
Package pdftex.def Info: figure/../format/dlsu_thesis_paper_letterhead.pdf  use
d on input line 1579.
(pdftex.def)             Requested size: 614.31223pt x 794.99231pt.
[280]
Underfull \hbox (badness 10000) in paragraph at lines 1595--1595
[]\OT1/ptm/m/n/9 (+20) LoRa gate-ways needed (60
 []


Underfull \hbox (badness 10000) in paragraph at lines 1605--1606
[]\OT1/ptm/m/n/9 (+20) LoRa fan-out;
 []


Underfull \hbox (badness 10000) in paragraph at lines 1605--1606
\OT1/ptm/m/n/9 (+20) archival ca-dence
 []



File: figure/../format/dlsu_thesis_paper_letterhead.pdf Graphic file (type pdf)

<use figure/../format/dlsu_thesis_paper_letterhead.pdf>
Package pdftex.def Info: figure/../format/dlsu_thesis_paper_letterhead.pdf  use
d on input line 1611.
(pdftex.def)             Requested size: 614.31223pt x 794.99231pt.
[281]

File: figure/../format/dlsu_thesis_paper_letterhead.pdf Graphic file (type pdf)

<use figure/../format/dlsu_thesis_paper_letterhead.pdf>
Package pdftex.def Info: figure/../format/dlsu_thesis_paper_letterhead.pdf  use
d on input line 1619.
(pdftex.def)             Requested size: 614.31223pt x 794.99231pt.
[282])

File: figure/../format/dlsu_thesis_paper_letterhead.pdf Graphic file (type pdf)

<use figure/../format/dlsu_thesis_paper_letterhead.pdf>
Package pdftex.def Info: figure/../format/dlsu_thesis_paper_letterhead.pdf  use
d on input line 292.
(pdftex.def)             Requested size: 614.31223pt x 794.99231pt.
[283]

File: figure/../format/dlsu_thesis_paper_letterhead.pdf Graphic file (type pdf)

<use figure/../format/dlsu_thesis_paper_letterhead.pdf>
Package pdftex.def Info: figure/../format/dlsu_thesis_paper_letterhead.pdf  use
d on input line 292.
(pdftex.def)             Requested size: 614.31223pt x 794.99231pt.
[284]

File: figure/../format/dlsu_thesis_paper_letterhead.pdf Graphic file (type pdf)

<use figure/../format/dlsu_thesis_paper_letterhead.pdf>
Package pdftex.def Info: figure/../format/dlsu_thesis_paper_letterhead.pdf  use
d on input line 305.
(pdftex.def)             Requested size: 614.31223pt x 794.99231pt.
[285



]
\openout2 = `conclusions.aux'.

 (conclusions.tex

File: figure/../format/dlsu_thesis_paper_letterhead.pdf Graphic file (type pdf)

<use figure/../format/dlsu_thesis_paper_letterhead.pdf>
Package pdftex.def Info: figure/../format/dlsu_thesis_paper_letterhead.pdf  use
d on input line 6.
(pdftex.def)             Requested size: 614.31223pt x 794.99231pt.
[286

]

File: figure/../format/dlsu_thesis_paper_letterhead.pdf Graphic file (type pdf)

<use figure/../format/dlsu_thesis_paper_letterhead.pdf>
Package pdftex.def Info: figure/../format/dlsu_thesis_paper_letterhead.pdf  use
d on input line 10.
(pdftex.def)             Requested size: 614.31223pt x 794.99231pt.
[287]

File: figure/../format/dlsu_thesis_paper_letterhead.pdf Graphic file (type pdf)

<use figure/../format/dlsu_thesis_paper_letterhead.pdf>
Package pdftex.def Info: figure/../format/dlsu_thesis_paper_letterhead.pdf  use
d on input line 16.
(pdftex.def)             Requested size: 614.31223pt x 794.99231pt.
[288]

File: figure/../format/dlsu_thesis_paper_letterhead.pdf Graphic file (type pdf)

<use figure/../format/dlsu_thesis_paper_letterhead.pdf>
Package pdftex.def Info: figure/../format/dlsu_thesis_paper_letterhead.pdf  use
d on input line 48.
(pdftex.def)             Requested size: 614.31223pt x 794.99231pt.
[289]

File: figure/../format/dlsu_thesis_paper_letterhead.pdf Graphic file (type pdf)

<use figure/../format/dlsu_thesis_paper_letterhead.pdf>
Package pdftex.def Info: figure/../format/dlsu_thesis_paper_letterhead.pdf  use
d on input line 64.
(pdftex.def)             Requested size: 614.31223pt x 794.99231pt.
[290]

File: figure/../format/dlsu_thesis_paper_letterhead.pdf Graphic file (type pdf)

<use figure/../format/dlsu_thesis_paper_letterhead.pdf>
Package pdftex.def Info: figure/../format/dlsu_thesis_paper_letterhead.pdf  use
d on input line 72.
(pdftex.def)             Requested size: 614.31223pt x 794.99231pt.
[291]

File: figure/../format/dlsu_thesis_paper_letterhead.pdf Graphic file (type pdf)

<use figure/../format/dlsu_thesis_paper_letterhead.pdf>
Package pdftex.def Info: figure/../format/dlsu_thesis_paper_letterhead.pdf  use
d on input line 84.
(pdftex.def)             Requested size: 614.31223pt x 794.99231pt.
[292]

File: figure/../format/dlsu_thesis_paper_letterhead.pdf Graphic file (type pdf)

<use figure/../format/dlsu_thesis_paper_letterhead.pdf>
Package pdftex.def Info: figure/../format/dlsu_thesis_paper_letterhead.pdf  use
d on input line 96.
(pdftex.def)             Requested size: 614.31223pt x 794.99231pt.
[293])

File: figure/../format/dlsu_thesis_paper_letterhead.pdf Graphic file (type pdf)

<use figure/../format/dlsu_thesis_paper_letterhead.pdf>
Package pdftex.def Info: figure/../format/dlsu_thesis_paper_letterhead.pdf  use
d on input line 305.
(pdftex.def)             Requested size: 614.31223pt x 794.99231pt.
[294] (document.bbl
bibitemlist


File: figure/../format/dlsu_thesis_paper_letterhead.pdf Graphic file (type pdf)

<use figure/../format/dlsu_thesis_paper_letterhead.pdf>
Package pdftex.def Info: figure/../format/dlsu_thesis_paper_letterhead.pdf  use
d on input line 83.
(pdftex.def)             Requested size: 614.31223pt x 794.99231pt.
[295



]

File: figure/../format/dlsu_thesis_paper_letterhead.pdf Graphic file (type pdf)

<use figure/../format/dlsu_thesis_paper_letterhead.pdf>
Package pdftex.def Info: figure/../format/dlsu_thesis_paper_letterhead.pdf  use
d on input line 171.
(pdftex.def)             Requested size: 614.31223pt x 794.99231pt.
[296]
Underfull \hbox (badness 2884) in paragraph at lines 178--182
[]\OT1/ptm/m/n/10.95 (+20) Federal Com-mu-ni-ca-tions Com-mis-sion (2025).
 []



File: figure/../format/dlsu_thesis_paper_letterhead.pdf Graphic file (type pdf)

<use figure/../format/dlsu_thesis_paper_letterhead.pdf>
Package pdftex.def Info: figure/../format/dlsu_thesis_paper_letterhead.pdf  use
d on input line 267.
(pdftex.def)             Requested size: 614.31223pt x 794.99231pt.
[297]
Underfull \hbox (badness 10000) in paragraph at lines 269--274
[]\OT1/ptm/m/n/10.95 (+20) IEEE Stan-dards As-so-ci-a-tion (2025).  The evo-lu-

 []


Underfull \hbox (badness 3439) in paragraph at lines 269--274
\OT1/ptm/m/n/10.95 (+20) tion of wi-fi tech-nol-ogy and stan-dards.  [][]$https
 : / / standards . ieee . org / beyond-[]standards /
 []


Underfull \hbox (badness 2229) in paragraph at lines 276--280
[]\OT1/ptm/m/n/10.95 (+20) International Elec-trotech-ni-cal Com-mis-sion
 []



File: figure/../format/dlsu_thesis_paper_letterhead.pdf Graphic file (type pdf)

<use figure/../format/dlsu_thesis_paper_letterhead.pdf>
Package pdftex.def Info: figure/../format/dlsu_thesis_paper_letterhead.pdf  use
d on input line 350.
(pdftex.def)             Requested size: 614.31223pt x 794.99231pt.
[298]
Underfull \hbox (badness 2608) in paragraph at lines 358--362
\OT1/ptm/m/n/10.95 (+20) iza-tion (2023).  Iso 50001 | en-ergy man-age-ment sys
-tems.  [][]$https : / / www . iso . org /
 []



File: figure/../format/dlsu_thesis_paper_letterhead.pdf Graphic file (type pdf)

<use figure/../format/dlsu_thesis_paper_letterhead.pdf>
Package pdftex.def Info: figure/../format/dlsu_thesis_paper_letterhead.pdf  use
d on input line 432.
(pdftex.def)             Requested size: 614.31223pt x 794.99231pt.
[299]
Underfull \hbox (badness 2671) in paragraph at lines 504--508
[]\OT1/ptm/m/n/10.95 (+20) Meitrack.  Lora-based fleet track-ing so-lu-tion.  [
][]$https : / / www . meitrack . com /
 []



File: figure/../format/dlsu_thesis_paper_letterhead.pdf Graphic file (type pdf)

<use figure/../format/dlsu_thesis_paper_letterhead.pdf>
Package pdftex.def Info: figure/../format/dlsu_thesis_paper_letterhead.pdf  use
d on input line 525.
(pdftex.def)             Requested size: 614.31223pt x 794.99231pt.
[300]
Underfull \hbox (badness 10000) in paragraph at lines 541--546
\OT1/ptm/m/n/10.95 (+20) docs / expert-[]center / vehicle-[]telematics-[]techno
logy / fuel-[]management / fuel-[]control-[]in-[]navixy /
 []


Underfull \hbox (badness 10000) in paragraph at lines 555--560
[]\OT1/ptm/m/n/10.95 (+20) Opensignal.  Se asia - cov-er-age.  [][]$https : / /
 www . tutela . com /
 []



File: figure/../format/dlsu_thesis_paper_letterhead.pdf Graphic file (type pdf)

<use figure/../format/dlsu_thesis_paper_letterhead.pdf>
Package pdftex.def Info: figure/../format/dlsu_thesis_paper_letterhead.pdf  use
d on input line 613.
(pdftex.def)             Requested size: 614.31223pt x 794.99231pt.
[301]
Underfull \hbox (badness 3158) in paragraph at lines 662--667
[]\OT1/ptm/m/n/10.95 (+20) SAE In-ter-na-tional (2023).  SAE J1939: Se-rial con
-trol and
 []


Underfull \hbox (badness 4779) in paragraph at lines 662--667
\OT1/ptm/m/n/10.95 (+20) com-mu-ni-ca-tions heavy duty ve-hi-cle net-work.  [][
]$https : / / www . sae . org / standards / j1939[]
 []



File: figure/../format/dlsu_thesis_paper_letterhead.pdf Graphic file (type pdf)

<use figure/../format/dlsu_thesis_paper_letterhead.pdf>
Package pdftex.def Info: figure/../format/dlsu_thesis_paper_letterhead.pdf  use
d on input line 699.
(pdftex.def)             Requested size: 614.31223pt x 794.99231pt.
[302]

File: figure/../format/dlsu_thesis_paper_letterhead.pdf Graphic file (type pdf)

<use figure/../format/dlsu_thesis_paper_letterhead.pdf>
Package pdftex.def Info: figure/../format/dlsu_thesis_paper_letterhead.pdf  use
d on input line 792.
(pdftex.def)             Requested size: 614.31223pt x 794.99231pt.
[303])

File: figure/../format/dlsu_thesis_paper_letterhead.pdf Graphic file (type pdf)

<use figure/../format/dlsu_thesis_paper_letterhead.pdf>
Package pdftex.def Info: figure/../format/dlsu_thesis_paper_letterhead.pdf  use
d on input line 328.
(pdftex.def)             Requested size: 614.31223pt x 794.99231pt.
[304]

pdfTeX warning: pdflatex.exe (file ./appendix_urerb_decision_letter.pdf): PDF i
nclusion: found PDF version <1.6>, but at most version <1.5> allowed
<appendix_urerb_decision_letter.pdf, id=4339, 614.295pt x 794.97pt>
File: appendix_urerb_decision_letter.pdf Graphic file (type pdf)
<use appendix_urerb_decision_letter.pdf>
Package pdftex.def Info: appendix_urerb_decision_letter.pdf  used on input line
 344.
(pdftex.def)             Requested size: 614.29349pt x 794.96806pt.


pdfTeX warning: pdflatex.exe (file ./appendix_urerb_decision_letter.pdf): PDF i
nclusion: found PDF version <1.6>, but at most version <1.5> allowed


pdfTeX warning: pdflatex.exe (file ./appendix_urerb_decision_letter.pdf): PDF i
nclusion: found PDF version <1.6>, but at most version <1.5> allowed
<appendix_urerb_decision_letter.pdf, id=4341, page=1, 614.295pt x 794.97pt>
File: appendix_urerb_decision_letter.pdf Graphic file (type pdf)
<use appendix_urerb_decision_letter.pdf, page 1>
Package pdftex.def Info: appendix_urerb_decision_letter.pdf , page1 used on inp
ut line 344.
(pdftex.def)             Requested size: 614.29349pt x 794.96806pt.
File: appendix_urerb_decision_letter.pdf Graphic file (type pdf)
<use appendix_urerb_decision_letter.pdf, page 1>
Package pdftex.def Info: appendix_urerb_decision_letter.pdf , page1 used on inp
ut line 344.
(pdftex.def)             Requested size: 430.00356pt x 556.4752pt.


File: figure/../format/dlsu_thesis_paper_letterhead.pdf Graphic file (type pdf)

<use figure/../format/dlsu_thesis_paper_letterhead.pdf>
Package pdftex.def Info: figure/../format/dlsu_thesis_paper_letterhead.pdf  use
d on input line 344.
(pdftex.def)             Requested size: 614.31223pt x 794.99231pt.
[305


]
File: appendix_urerb_decision_letter.pdf Graphic file (type pdf)
<use appendix_urerb_decision_letter.pdf, page 1>
Package pdftex.def Info: appendix_urerb_decision_letter.pdf , page1 used on inp
ut line 344.
(pdftex.def)             Requested size: 430.00356pt x 556.4752pt.
File: appendix_urerb_decision_letter.pdf Graphic file (type pdf)
<use appendix_urerb_decision_letter.pdf, page 1>
Package pdftex.def Info: appendix_urerb_decision_letter.pdf , page1 used on inp
ut line 344.
(pdftex.def)             Requested size: 430.00356pt x 556.4752pt.


File: figure/../format/dlsu_thesis_paper_letterhead.pdf Graphic file (type pdf)

<use figure/../format/dlsu_thesis_paper_letterhead.pdf>
Package pdftex.def Info: figure/../format/dlsu_thesis_paper_letterhead.pdf  use
d on input line 344.
(pdftex.def)             Requested size: 614.31223pt x 794.99231pt.
File: appendix_urerb_decision_letter.pdf Graphic file (type pdf)
<use appendix_urerb_decision_letter.pdf, page 1>
Package pdftex.def Info: appendix_urerb_decision_letter.pdf , page1 used on inp
ut line 344.
(pdftex.def)             Requested size: 430.00356pt x 556.4752pt.
[306

 <./appendix_urerb_decision_letter.pdf>]

pdfTeX warning: pdflatex.exe (file ./appendix_urerb_decision_letter.pdf): PDF i
nclusion: found PDF version <1.6>, but at most version <1.5> allowed
<appendix_urerb_decision_letter.pdf, id=4389, page=2, 614.295pt x 794.97pt>
File: appendix_urerb_decision_letter.pdf Graphic file (type pdf)
<use appendix_urerb_decision_letter.pdf, page 2>
Package pdftex.def Info: appendix_urerb_decision_letter.pdf , page2 used on inp
ut line 344.
(pdftex.def)             Requested size: 430.00356pt x 556.4752pt.
File: appendix_urerb_decision_letter.pdf Graphic file (type pdf)
<use appendix_urerb_decision_letter.pdf, page 2>
Package pdftex.def Info: appendix_urerb_decision_letter.pdf , page2 used on inp
ut line 344.
(pdftex.def)             Requested size: 430.00356pt x 556.4752pt.


File: figure/../format/dlsu_thesis_paper_letterhead.pdf Graphic file (type pdf)

<use figure/../format/dlsu_thesis_paper_letterhead.pdf>
Package pdftex.def Info: figure/../format/dlsu_thesis_paper_letterhead.pdf  use
d on input line 344.
(pdftex.def)             Requested size: 614.31223pt x 794.99231pt.
File: appendix_urerb_decision_letter.pdf Graphic file (type pdf)
<use appendix_urerb_decision_letter.pdf, page 2>
Package pdftex.def Info: appendix_urerb_decision_letter.pdf , page2 used on inp
ut line 344.
(pdftex.def)             Requested size: 430.00356pt x 556.4752pt.
[307

 <./appendix_urerb_decision_letter.pdf>]

File: figure/../format/dlsu_thesis_paper_letterhead.pdf Graphic file (type pdf)

<use figure/../format/dlsu_thesis_paper_letterhead.pdf>
Package pdftex.def Info: figure/../format/dlsu_thesis_paper_letterhead.pdf  use
d on input line 350.
(pdftex.def)             Requested size: 614.31223pt x 794.99231pt.
[308


]
\openout2 = `appendix_partner_evidence.aux'.

 (appendix_partner_evidence.tex
<figure/appendix_partner_initial_consultation.jpg, id=4416, 2055.68pt x 1541.76
pt>
File: figure/appendix_partner_initial_consultation.jpg Graphic file (type jpg)
<use figure/appendix_partner_initial_consultation.jpg>
Package pdftex.def Info: figure/appendix_partner_initial_consultation.jpg  used
 on input line 7.
(pdftex.def)             Requested size: 352.06445pt x 264.04834pt.
<figure/appendix_partner_cabin_inspection.jpg, id=4417, 1157.32375pt x 2055.68p
t>
File: figure/appendix_partner_cabin_inspection.jpg Graphic file (type jpg)
<use figure/appendix_partner_cabin_inspection.jpg>
Package pdftex.def Info: figure/appendix_partner_cabin_inspection.jpg  used on 
input line 14.
(pdftex.def)             Requested size: 225.82732pt x 401.1226pt.
<figure/appendix_partner_vehicle_inspection.jpg, id=4418, 2055.68pt x 1157.3237
5pt>
File: figure/appendix_partner_vehicle_inspection.jpg Graphic file (type jpg)
<use figure/appendix_partner_vehicle_inspection.jpg>
Package pdftex.def Info: figure/appendix_partner_vehicle_inspection.jpg  used o
n input line 21.
(pdftex.def)             Requested size: 352.06445pt x 198.20816pt.
<figure/appendix_partner_dashboard_evaluation.jpg, id=4419, 1157.32375pt x 2055
.68pt>
File: figure/appendix_partner_dashboard_evaluation.jpg Graphic file (type jpg)
<use figure/appendix_partner_dashboard_evaluation.jpg>
Package pdftex.def Info: figure/appendix_partner_dashboard_evaluation.jpg  used
 on input line 28.
(pdftex.def)             Requested size: 225.82732pt x 401.1226pt.
<figure/appendix_partner_interface_demo.jpg, id=4420, 2055.68pt x 1157.32375pt>

File: figure/appendix_partner_interface_demo.jpg Graphic file (type jpg)
<use figure/appendix_partner_interface_demo.jpg>
Package pdftex.def Info: figure/appendix_partner_interface_demo.jpg  used on in
put line 35.
(pdftex.def)             Requested size: 352.06445pt x 198.20816pt.
<figure/appendix_partner_successful_demo.jpg, id=4421, 2055.68pt x 1157.32375pt
>
File: figure/appendix_partner_successful_demo.jpg Graphic file (type jpg)
<use figure/appendix_partner_successful_demo.jpg>
Package pdftex.def Info: figure/appendix_partner_successful_demo.jpg  used on i
nput line 42.
(pdftex.def)             Requested size: 352.06445pt x 198.20816pt.
<figure/appendix_partner_group_photo.jpg, id=4422, 2055.68pt x 1541.76pt>
File: figure/appendix_partner_group_photo.jpg Graphic file (type jpg)
<use figure/appendix_partner_group_photo.jpg>
Package pdftex.def Info: figure/appendix_partner_group_photo.jpg  used on input
 line 49.
(pdftex.def)             Requested size: 352.06445pt x 264.04834pt.
<figure/bc7897d2-1def-4bd1-a88f-ad0f7de31006.jpg, id=4423, 1666.225pt x 2055.68
pt>
File: figure/bc7897d2-1def-4bd1-a88f-ad0f7de31006.jpg Graphic file (type jpg)
<use figure/bc7897d2-1def-4bd1-a88f-ad0f7de31006.jpg>
Package pdftex.def Info: figure/bc7897d2-1def-4bd1-a88f-ad0f7de31006.jpg  used 
on input line 56.
(pdftex.def)             Requested size: 325.12868pt x 401.1226pt.
<figure/8c9537bb-6ff9-4b5e-a021-b60768d2aef8.jpg, id=4424, 2055.68pt x 1541.76p
t>
File: figure/8c9537bb-6ff9-4b5e-a021-b60768d2aef8.jpg Graphic file (type jpg)
<use figure/8c9537bb-6ff9-4b5e-a021-b60768d2aef8.jpg>
Package pdftex.def Info: figure/8c9537bb-6ff9-4b5e-a021-b60768d2aef8.jpg  used 
on input line 63.
(pdftex.def)             Requested size: 352.06445pt x 264.04834pt.
)

File: figure/../format/dlsu_thesis_paper_letterhead.pdf Graphic file (type pdf)

<use figure/../format/dlsu_thesis_paper_letterhead.pdf>
Package pdftex.def Info: figure/../format/dlsu_thesis_paper_letterhead.pdf  use
d on input line 350.
(pdftex.def)             Requested size: 614.31223pt x 794.99231pt.
[309

 <./figure/appendix_partner_initial_consultation.jpg>]

File: figure/../format/dlsu_thesis_paper_letterhead.pdf Graphic file (type pdf)

<use figure/../format/dlsu_thesis_paper_letterhead.pdf>
Package pdftex.def Info: figure/../format/dlsu_thesis_paper_letterhead.pdf  use
d on input line 350.
(pdftex.def)             Requested size: 614.31223pt x 794.99231pt.
[310 <./figure/appendix_partner_cabin_inspection.jpg>]

File: figure/../format/dlsu_thesis_paper_letterhead.pdf Graphic file (type pdf)

<use figure/../format/dlsu_thesis_paper_letterhead.pdf>
Package pdftex.def Info: figure/../format/dlsu_thesis_paper_letterhead.pdf  use
d on input line 350.
(pdftex.def)             Requested size: 614.31223pt x 794.99231pt.
[311 <./figure/appendix_partner_vehicle_inspection.jpg>]

File: figure/../format/dlsu_thesis_paper_letterhead.pdf Graphic file (type pdf)

<use figure/../format/dlsu_thesis_paper_letterhead.pdf>
Package pdftex.def Info: figure/../format/dlsu_thesis_paper_letterhead.pdf  use
d on input line 350.
(pdftex.def)             Requested size: 614.31223pt x 794.99231pt.
[312 <./figure/appendix_partner_dashboard_evaluation.jpg>]

File: figure/../format/dlsu_thesis_paper_letterhead.pdf Graphic file (type pdf)

<use figure/../format/dlsu_thesis_paper_letterhead.pdf>
Package pdftex.def Info: figure/../format/dlsu_thesis_paper_letterhead.pdf  use
d on input line 350.
(pdftex.def)             Requested size: 614.31223pt x 794.99231pt.
[313 <./figure/appendix_partner_interface_demo.jpg> <./figure/appendix_partner_
successful_demo.jpg>]

File: figure/../format/dlsu_thesis_paper_letterhead.pdf Graphic file (type pdf)

<use figure/../format/dlsu_thesis_paper_letterhead.pdf>
Package pdftex.def Info: figure/../format/dlsu_thesis_paper_letterhead.pdf  use
d on input line 350.
(pdftex.def)             Requested size: 614.31223pt x 794.99231pt.
[314 <./figure/appendix_partner_group_photo.jpg>]

File: figure/../format/dlsu_thesis_paper_letterhead.pdf Graphic file (type pdf)

<use figure/../format/dlsu_thesis_paper_letterhead.pdf>
Package pdftex.def Info: figure/../format/dlsu_thesis_paper_letterhead.pdf  use
d on input line 350.
(pdftex.def)             Requested size: 614.31223pt x 794.99231pt.
[315 <./figure/bc7897d2-1def-4bd1-a88f-ad0f7de31006.jpg>]

File: figure/../format/dlsu_thesis_paper_letterhead.pdf Graphic file (type pdf)

<use figure/../format/dlsu_thesis_paper_letterhead.pdf>
Package pdftex.def Info: figure/../format/dlsu_thesis_paper_letterhead.pdf  use
d on input line 350.
(pdftex.def)             Requested size: 614.31223pt x 794.99231pt.
[316 <./figure/8c9537bb-6ff9-4b5e-a021-b60768d2aef8.jpg>]

File: figure/../format/dlsu_thesis_paper_letterhead.pdf Graphic file (type pdf)

<use figure/../format/dlsu_thesis_paper_letterhead.pdf>
Package pdftex.def Info: figure/../format/dlsu_thesis_paper_letterhead.pdf  use
d on input line 356.
(pdftex.def)             Requested size: 614.31223pt x 794.99231pt.
[317



]
\openout2 = `appendix_survey_instrument.aux'.

 (appendix_survey_instrument.tex

File: figure/../format/dlsu_thesis_paper_letterhead.pdf Graphic file (type pdf)

<use figure/../format/dlsu_thesis_paper_letterhead.pdf>
Package pdftex.def Info: figure/../format/dlsu_thesis_paper_letterhead.pdf  use
d on input line 32.
(pdftex.def)             Requested size: 614.31223pt x 794.99231pt.
[318

]

File: figure/../format/dlsu_thesis_paper_letterhead.pdf Graphic file (type pdf)

<use figure/../format/dlsu_thesis_paper_letterhead.pdf>
Package pdftex.def Info: figure/../format/dlsu_thesis_paper_letterhead.pdf  use
d on input line 68.
(pdftex.def)             Requested size: 614.31223pt x 794.99231pt.
[319])

File: figure/../format/dlsu_thesis_paper_letterhead.pdf Graphic file (type pdf)

<use figure/../format/dlsu_thesis_paper_letterhead.pdf>
Package pdftex.def Info: figure/../format/dlsu_thesis_paper_letterhead.pdf  use
d on input line 356.
(pdftex.def)             Requested size: 614.31223pt x 794.99231pt.
[320]

File: figure/../format/dlsu_thesis_paper_letterhead.pdf Graphic file (type pdf)

<use figure/../format/dlsu_thesis_paper_letterhead.pdf>
Package pdftex.def Info: figure/../format/dlsu_thesis_paper_letterhead.pdf  use
d on input line 362.
(pdftex.def)             Requested size: 614.31223pt x 794.99231pt.
[321



]
\openout2 = `appendix_technical_details.aux'.

 (appendix_technical_details.tex

File: figure/../format/dlsu_thesis_paper_letterhead.pdf Graphic file (type pdf)

<use figure/../format/dlsu_thesis_paper_letterhead.pdf>
Package pdftex.def Info: figure/../format/dlsu_thesis_paper_letterhead.pdf  use
d on input line 59.
(pdftex.def)             Requested size: 614.31223pt x 794.99231pt.
[322

])

File: figure/../format/dlsu_thesis_paper_letterhead.pdf Graphic file (type pdf)

<use figure/../format/dlsu_thesis_paper_letterhead.pdf>
Package pdftex.def Info: figure/../format/dlsu_thesis_paper_letterhead.pdf  use
d on input line 362.
(pdftex.def)             Requested size: 614.31223pt x 794.99231pt.
[323]

File: figure/../format/dlsu_thesis_paper_letterhead.pdf Graphic file (type pdf)

<use figure/../format/dlsu_thesis_paper_letterhead.pdf>
Package pdftex.def Info: figure/../format/dlsu_thesis_paper_letterhead.pdf  use
d on input line 368.
(pdftex.def)             Requested size: 614.31223pt x 794.99231pt.
[324



]
<article_forum_paper.pdf, id=4565, 614.295pt x 794.97pt>
File: article_forum_paper.pdf Graphic file (type pdf)
<use article_forum_paper.pdf>
Package pdftex.def Info: article_forum_paper.pdf  used on input line 377.
(pdftex.def)             Requested size: 614.29349pt x 794.96806pt.
<article_forum_paper.pdf, id=4567, page=1, 614.295pt x 794.97pt>
File: article_forum_paper.pdf Graphic file (type pdf)
<use article_forum_paper.pdf, page 1>
Package pdftex.def Info: article_forum_paper.pdf , page1 used on input line 377
.
(pdftex.def)             Requested size: 614.29349pt x 794.96806pt.
File: article_forum_paper.pdf Graphic file (type pdf)
<use article_forum_paper.pdf, page 1>
Package pdftex.def Info: article_forum_paper.pdf , page1 used on input line 377
.
(pdftex.def)             Requested size: 614.29349pt x 794.96806pt.
File: article_forum_paper.pdf Graphic file (type pdf)
<use article_forum_paper.pdf, page 1>
Package pdftex.def Info: article_forum_paper.pdf , page1 used on input line 377
.
(pdftex.def)             Requested size: 614.29349pt x 794.96806pt.
File: article_forum_paper.pdf Graphic file (type pdf)
<use article_forum_paper.pdf, page 1>
Package pdftex.def Info: article_forum_paper.pdf , page1 used on input line 377
.
(pdftex.def)             Requested size: 614.29349pt x 794.96806pt.


File: article_forum_paper.pdf Graphic file (type pdf)
<use article_forum_paper.pdf, page 1>
Package pdftex.def Info: article_forum_paper.pdf , page1 used on input line 377
.
(pdftex.def)             Requested size: 614.29349pt x 794.96806pt.
[325


 <./article_forum_paper.pdf>]
<article_forum_paper.pdf, id=4591, page=2, 614.295pt x 794.97pt>
File: article_forum_paper.pdf Graphic file (type pdf)
<use article_forum_paper.pdf, page 2>
Package pdftex.def Info: article_forum_paper.pdf , page2 used on input line 377
.
(pdftex.def)             Requested size: 614.29349pt x 794.96806pt.
File: article_forum_paper.pdf Graphic file (type pdf)
<use article_forum_paper.pdf, page 2>
Package pdftex.def Info: article_forum_paper.pdf , page2 used on input line 377
.
(pdftex.def)             Requested size: 614.29349pt x 794.96806pt.


File: article_forum_paper.pdf Graphic file (type pdf)
<use article_forum_paper.pdf, page 2>
Package pdftex.def Info: article_forum_paper.pdf , page2 used on input line 377
.
(pdftex.def)             Requested size: 614.29349pt x 794.96806pt.
[326

 <./article_forum_paper.pdf>]
<article_forum_paper.pdf, id=4608, page=3, 614.295pt x 794.97pt>
File: article_forum_paper.pdf Graphic file (type pdf)
<use article_forum_paper.pdf, page 3>
Package pdftex.def Info: article_forum_paper.pdf , page3 used on input line 377
.
(pdftex.def)             Requested size: 614.29349pt x 794.96806pt.
File: article_forum_paper.pdf Graphic file (type pdf)
<use article_forum_paper.pdf, page 3>
Package pdftex.def Info: article_forum_paper.pdf , page3 used on input line 377
.
(pdftex.def)             Requested size: 614.29349pt x 794.96806pt.


File: article_forum_paper.pdf Graphic file (type pdf)
<use article_forum_paper.pdf, page 3>
Package pdftex.def Info: article_forum_paper.pdf , page3 used on input line 377
.
(pdftex.def)             Requested size: 614.29349pt x 794.96806pt.
[327

 <./article_forum_paper.pdf>]
<article_forum_paper.pdf, id=4672, page=4, 614.295pt x 794.97pt>
File: article_forum_paper.pdf Graphic file (type pdf)
<use article_forum_paper.pdf, page 4>
Package pdftex.def Info: article_forum_paper.pdf , page4 used on input line 377
.
(pdftex.def)             Requested size: 614.29349pt x 794.96806pt.
File: article_forum_paper.pdf Graphic file (type pdf)
<use article_forum_paper.pdf, page 4>
Package pdftex.def Info: article_forum_paper.pdf , page4 used on input line 377
.
(pdftex.def)             Requested size: 614.29349pt x 794.96806pt.


File: article_forum_paper.pdf Graphic file (type pdf)
<use article_forum_paper.pdf, page 4>
Package pdftex.def Info: article_forum_paper.pdf , page4 used on input line 377
.
(pdftex.def)             Requested size: 614.29349pt x 794.96806pt.
[328

 <./article_forum_paper.pdf>]
<article_forum_paper.pdf, id=4680, page=5, 614.295pt x 794.97pt>
File: article_forum_paper.pdf Graphic file (type pdf)
<use article_forum_paper.pdf, page 5>
Package pdftex.def Info: article_forum_paper.pdf , page5 used on input line 377
.
(pdftex.def)             Requested size: 614.29349pt x 794.96806pt.
File: article_forum_paper.pdf Graphic file (type pdf)
<use article_forum_paper.pdf, page 5>
Package pdftex.def Info: article_forum_paper.pdf , page5 used on input line 377
.
(pdftex.def)             Requested size: 614.29349pt x 794.96806pt.


File: article_forum_paper.pdf Graphic file (type pdf)
<use article_forum_paper.pdf, page 5>
Package pdftex.def Info: article_forum_paper.pdf , page5 used on input line 377
.
(pdftex.def)             Requested size: 614.29349pt x 794.96806pt.
[329

 <./article_forum_paper.pdf>]
<article_forum_paper.pdf, id=4690, page=6, 614.295pt x 794.97pt>
File: article_forum_paper.pdf Graphic file (type pdf)
<use article_forum_paper.pdf, page 6>
Package pdftex.def Info: article_forum_paper.pdf , page6 used on input line 377
.
(pdftex.def)             Requested size: 614.29349pt x 794.96806pt.
File: article_forum_paper.pdf Graphic file (type pdf)
<use article_forum_paper.pdf, page 6>
Package pdftex.def Info: article_forum_paper.pdf , page6 used on input line 377
.
(pdftex.def)             Requested size: 614.29349pt x 794.96806pt.


File: article_forum_paper.pdf Graphic file (type pdf)
<use article_forum_paper.pdf, page 6>
Package pdftex.def Info: article_forum_paper.pdf , page6 used on input line 377
.
(pdftex.def)             Requested size: 614.29349pt x 794.96806pt.
[330

 <./article_forum_paper.pdf>]

Package datagidx Warning: Rerun required to sort the index/glossary databases.

(document.aux (introduction.aux) (literature_review.aux)
(theoretical_considerations.aux) (design_considerations.aux) (methodology.aux)
(results_and_discussions.aux) (conclusions.aux) (appendix_partner_evidence.aux)
(appendix_survey_instrument.aux) (appendix_technical_details.aux))
 ***********
LaTeX2e <2024-11-01> patch level 2
L3 programming layer <2020/03/25>
 ***********
 ) 
Here is how much of TeX's memory you used:
 51729 strings out of 473530
 964648 string characters out of 5715278
 2466686 words of memory out of 5000000
 71917 multiletter control sequences out of 15000+600000
 639941 words of font info for 614 fonts, out of 8000000 for 9000
 1149 hyphenation exceptions out of 8191
 93i,19n,96p,3904b,3603s stack positions out of 10000i,1000n,20000p,200000b,200000s
 <C:\Users\Samu\AppData\Local\MiKTeX\fonts/pk/ljfour/jknappen/ec/dpi600\tctt1
200.pk><C:/Users/Samu/AppData/Local/Programs/MiKTeX/fonts/type1/public/amsfonts
/cm/cmbx12.pfb><C:/Users/Samu/AppData/Local/Programs/MiKTeX/fonts/type1/public/
amsfonts/cm/cmex10.pfb><C:/Users/Samu/AppData/Local/Programs/MiKTeX/fonts/type1
/public/amsfonts/cm/cmmi10.pfb><C:/Users/Samu/AppData/Local/Programs/MiKTeX/fon
ts/type1/public/amsfonts/cm/cmmi12.pfb><C:/Users/Samu/AppData/Local/Programs/Mi
KTeX/fonts/type1/public/amsfonts/cm/cmmi6.pfb><C:/Users/Samu/AppData/Local/Prog
rams/MiKTeX/fonts/type1/public/amsfonts/cm/cmmi7.pfb><C:/Users/Samu/AppData/Loc
al/Programs/MiKTeX/fonts/type1/public/amsfonts/cm/cmmi8.pfb><C:/Users/Samu/AppD
ata/Local/Programs/MiKTeX/fonts/type1/public/amsfonts/cm/cmmi9.pfb><C:/Users/Sa
mu/AppData/Local/Programs/MiKTeX/fonts/type1/public/amsfonts/cm/cmr10.pfb><C:/U
sers/Samu/AppData/Local/Programs/MiKTeX/fonts/type1/public/amsfonts/cm/cmr12.pf
b><C:/Users/Samu/AppData/Local/Programs/MiKTeX/fonts/type1/public/amsfonts/cm/c
mr6.pfb><C:/Users/Samu/AppData/Local/Programs/MiKTeX/fonts/type1/public/amsfont
s/cm/cmr7.pfb><C:/Users/Samu/AppData/Local/Programs/MiKTeX/fonts/type1/public/a
msfonts/cm/cmr8.pfb><C:/Users/Samu/AppData/Local/Programs/MiKTeX/fonts/type1/pu
blic/amsfonts/cm/cmr9.pfb><C:/Users/Samu/AppData/Local/Programs/MiKTeX/fonts/ty
pe1/public/amsfonts/cm/cmsy10.pfb><C:/Users/Samu/AppData/Local/Programs/MiKTeX/
fonts/type1/public/amsfonts/cm/cmsy6.pfb><C:/Users/Samu/AppData/Local/Programs/
MiKTeX/fonts/type1/public/amsfonts/cm/cmsy7.pfb><C:/Users/Samu/AppData/Local/Pr
ograms/MiKTeX/fonts/type1/public/amsfonts/cm/cmsy8.pfb><C:/Users/Samu/AppData/L
ocal/Programs/MiKTeX/fonts/type1/public/amsfonts/cm/cmsy9.pfb><C:/Users/Samu/Ap
pData/Local/Programs/MiKTeX/fonts/type1/public/amsfonts/cm/cmtcsc10.pfb><C:/Use
rs/Samu/AppData/Local/Programs/MiKTeX/fonts/type1/public/amsfonts/cm/cmtt10.pfb
><C:/Users/Samu/AppData/Local/Programs/MiKTeX/fonts/type1/public/amsfonts/cm/cm
tt12.pfb><C:/Users/Samu/AppData/Local/Programs/MiKTeX/fonts/type1/public/amsfon
ts/cm/cmtt8.pfb><C:/Users/Samu/AppData/Local/Programs/MiKTeX/fonts/type1/public
/amsfonts/cm/cmtt9.pfb><C:/Users/Samu/AppData/Local/Programs/MiKTeX/fonts/type1
/public/amsfonts/symbols/msam10.pfb><C:/Users/Samu/AppData/Local/Programs/MiKTe
X/fonts/type1/public/amsfonts/symbols/msbm10.pfb><C:/Users/Samu/AppData/Local/P
rograms/MiKTeX/fonts/type1/urw/courier/ucrr8a.pfb><C:/Users/Samu/AppData/Local/
Programs/MiKTeX/fonts/type1/urw/helvetic/uhvb8a.pfb><C:/Users/Samu/AppData/Loca
l/Programs/MiKTeX/fonts/type1/urw/helvetic/uhvr8a.pfb><C:/Users/Samu/AppData/Lo
cal/Programs/MiKTeX/fonts/type1/urw/times/utmb8a.pfb><C:/Users/Samu/AppData/Loc
al/Programs/MiKTeX/fonts/type1/urw/times/utmbi8a.pfb><C:/Users/Samu/AppData/Loc
al/Programs/MiKTeX/fonts/type1/urw/times/utmr8a.pfb><C:/Users/Samu/AppData/Loca
l/Programs/MiKTeX/fonts/type1/urw/times/utmri8a.pfb>
Output written on document.pdf (359 pages, 20035468 bytes).
PDF statistics:
 5943 PDF objects out of 6186 (max. 8388607)
 1447 named destinations out of 1728 (max. 500000)
 115325 words of extra memory for PDF output out of 128383 (max. 10000000)

